filename,label
1623.jpg,চট্ট মেট্রো-অ 00-০১২৯
1203.jpg,ঢাকা মেট্রো-ব ৫৪-০৩২৭
222.jpg,কে এম পি ২০
114.jpg,মুন্সীগঞ্জ - থ  ১১-০৪৩০
707.jpg,ঢাকা মেট্রো-ড ১১-৩৯৮০
708.jpg,নাটোর-হ ১৩-৬৪৫৬
1037.jpg,নাটোর ল-১১-৬৪৫৯
1575.jpg,ঢাকা মেট্রো-গ ১৪-৫০০৬
498.jpg,ঢাকা মেট্রো-গ ৩৩-৬১২৮
175.jpg,চট্ট মেট্রো - হ ১১-০০৬৯
980.jpg,ঢাকা মেট্রো-গ ৩৩-৭০১৯
1308.jpg,চট্ট মেট্রো-গ ১২-৬৯৮৬
19.jpg,পিরোজপুর ট-১১-০৩৫৩
424.jpg,খাগড়াছড়ি- হ
1122.jpg,ঢাকা মেট্রো -চ-১৪-৮৮৬১
286.jpg,ঢাকা মেট্রো-হ ১৩-৩০৮৫
1329.jpg,ঢাকা মেট্রো-গ ১৫-৪২৪১
429.jpg,ঢাকা মেট্রো-ব ১২-৩৬৯৪
1266.jpg,ঢাকা মেট্রো-ক ১১-৪৫৩৩
1504.jpg,ঢাকা মেট্রো-গ ২৫-৮৮০০
32.jpg,বগুড়া-ব ১১-০০৮৩
979.jpg,ভোলা-ল ১১-০৪৮৯
716.jpg,মানিকগঞ্জ- হ ১১-৮৯৮২
215.jpg,খুলনা মেট্রো-চ ৫১-০২১৩
585.jpg,ঝিনাইদাহ-ল ১১-২৪০১
327.jpg,বরগুনা-ল ১১-০৭২৬
875.jpg,ঢাকা মেট্রো-ল ৩২-২২৫২
1042.jpg,রাজ মেট্রো-ক ১২-৩৬৪৩
989.jpg,হবিগঞ্জ-হ ১১-২১৪১
342.jpg,নাটোর-ল ১১-৬২৯৩
148.jpg,ঢাকা মেট্রো-গ ৩৫-৯৯৮৩
361.jpg,জামালপুর- ল ১১-০৮২২
84.jpg,ঢাকা মেট্রো-গ ৪৩-৪৩৮৮
49.jpg,ঢাকা মেট্রো-ব ১৮-৫৭৬৬
469.jpg,ঢাকা মেট্রো-ন ১১-৩৪৯২
156.jpg,পুলিশ নওগাঁ ল-১৩-৫৭৮৭
1005.jpg,টাংগাইল-হ ১৫-৫৩১৭
1174.jpg,ঢাকা-মেট্রো-ট-১৪-৩৮-২৬৯৮
1145.jpg,ঢাকা মেট্রো-চ ৮০৯৩
1560.jpg,বাংলাদেশ ১১-৯৫১৩
501.jpg,খাগড়াছড়ি হ ১১-৫৩০৯
180.jpg,পিরোজপুর-হ ১১-৭৬৩৫
1541.jpg,ঢাকা মেট্রো-গ ২১-908৪২
567.jpg,সিরাজগঞ্জ-ল ১১-৬২৪৯
632.jpg,নওয়াবগঞ্জ-ল ১১-১৯৭৪
529.jpg,বরগুনা হ-১১-৪৫০১
347.jpg,রাজ মেট্রো-ল ১১-৩০৯০
1161.jpg,ঢাকা মেট্রো-ব ১৪-৩৮৩৭
1640.jpg,পাবনা- ল ১১-২৮১৯
584.jpg,সিরাজগঞ্জ - হ ১২-১৮৫৬
812.jpg,ঢাকা মেট্রো-গ ৩৪-৬৫২৮
728.jpg,ভোলা - ল ১১-০৪৯০ 
1492.jpg,ঢাকা মেট্রো-গ ৩৯-১৭৮৬
244.jpg,ঢাকা মেট্রো-গ ১৩-৩৪৯৫
1234.jpg,ঢাকা মেট্রো-স ১২-০০৬২
313.jpg,বরিশাল মেট্রো ল ১১-৪৯৬৬
436.jpg,মৌলভী বাজার হ-১১-৭৭৯৬
1641.jpg,মিনাইদই-ল ১১-২৮৩৬
1139.jpg,ঢাকা মেট্রো-ব ১৪-০৩২৭
309.jpg,রাজ মেট্রো-ল ১১-৪৪৯৯
431.jpg,খুলনা মেট্রো এ-০২-০১৭৮
371.jpg,কক্সবাজার-ল ১১-১৮৪০
926.jpg,হবিগঞ্জ-ল ১১-১৯৮১
182.jpg,চট্টগ্রাম - ঘ ১২-৪৪৭৪
627.jpg,রংপুর-ল ১২-১৫৩৮
590.jpg,ভোলা-ল ১১-০৩৪৫
1453.jpg,ঢাকা মেট্রো-গ ২০-০৫৬৯৭
1536.jpg,ঢাকা-মেট্রো-থ-১১৯৯৪
297.jpg,ঢাকা মেট্রো-হ-৩৬-২৭০৫
760.jpg,ঢাকা মেট্রো-গ ৩১-৮৪৩৫
462.jpg,বগুড়া-ল ১১-৮৩২৫
1094.jpg,নাটোর-ব ১১-০০২২
1522.jpg,মটর সাইকেল- ই ১১-৭০৪২
378.jpg,ঢাকা মেট্রো-ব ১৪-৫৫৫১
907.jpg,মৌলভীবাজার-১১-১৪৯০
127.jpg,নারায়ণগঞ্জ - থ  ১১-১০০৯
904.jpg,দিনাজপুর-ল ১১-৭৪৫৩
602.jpg,ঢাকা মেট্রো - ভ ১১-১৪২৩
356.jpg,নওগাঁ-ল ১২-০০২২
1357.jpg,ঢাকা মেট্রো-গ ১৭-১১৩৩
210.jpg,খুলনা মেট্রো-থ ১১-০৬৫২
141.jpg,যশোর-হ ১৬-৪২৫২
1202.jpg,ঢাকা মেট্রো-ব ৫৮-৮১৫৫
1119.jpg,ঢাকা মেট্রো - ১৫-১৭৮৬
1193.jpg,ঢাকা মেট্রো ৩৮-৯২২১
1408.jpg,বরগুনা-ল ১১-০৩৭৭
1278.jpg,রাজ মেট্রো-ল ১২-০৩৫৪
644.jpg,পটুয়াখালী-হ ১১-৪৭৫০
1068.jpg,রাজশাহী - ল ১৩-৫১৩২
621.jpg,সিরাজগঞ্জ-হ ১২-১৫৪৫
638.jpg,ঠাকুরগাঁও-ল ১১-১৪১৭
11.jpg,ব ১১ 
894.jpg,বরিশাল মেট্রো- ল ১১-৬৮৮৬
283.jpg,নওগাঁ - ল ১২-০৩৮৩ 
292.jpg,কুড়িগ্রাম -ল ১১-২৭৭৭ 
679.jpg,মৌলভীবাজার - ল ১১-১৭৩৯
618.jpg,খুলনা মেট্রো-ট ১১-১৯৪৫
130.jpg,ঢাকা মেট্রো-ব ১৪-৭৫৫৭
324.jpg,ঢাকা মেট্রো  হ-৪৭-০৫৬৫
840.jpg,জামালপুর-ল ১১-১০৮৩
680.jpg,কিশোরগঞ্জ-হ ১২-৭১৬৫
693.jpg,লক্ষীপুর - হ ১১-২৯৫০
622.jpg,যশোর-ল ১২-৩৮৪৬
1478.jpg,নড়াইল-ই ১১-৭০৪১
844.jpg,কক্সবাজার-ল ১১-৬২৮৫
966.jpg,শরিয়তপুর-ম ১১-৮৪৭৯
159.jpg,ঢাকা মেট্রো-খ ১৩-১০৯৬
766.jpg,ঢাকা মেট্রো-ন ১৩-৪৪২৪ 
517.jpg,ভোলা-ল ১১-০১৮৩
1505.jpg,ঢাকা মেট্রো-ব ১৮-৪৫২০
598.jpg,পিরোজপুর-ল ১১-১৯১৬
196.jpg,ঢাকা মেট্রো-ব ১৪-৭৩৪৮
1380.jpg,মৌলভীবাজার ম ১১-০৯৭২
1304.jpg,ঢাকা মেট্রো-ব ১১-৬৮৫৬
411.jpg,ঝালকাঠি-হ ১১-৩৭৮৭
97.jpg,দিনাজপুর-ল ১১-৭৭৫১
721.jpg,ঢাকা মেট্রো-ন ১৩-৬৩০৩
858.jpg,ঢাকা মেট্রো-গ ১২-৯৫১৪
157.jpg,ঢাকা মেট্রো-খ ১৩-৩৫৭৬
420.jpg,ঢাকা মেট্রো - ব ১১-১৮৫৩ 
788.jpg,বরিশাল-ল ১১-১৮০২
478.jpg,ঢাকা মেট্রো-ড ১১-২৬৭৪
1121.jpg,ঢাকা মেট্রো ৩৪-৯০৬৩
768.jpg,গোপালগঞ্জ- হ ১১-৭৮৯৩
1493.jpg,ঢাকা মেট্রো-ঘ ১৫-৫৫২০
1092.jpg,ঢাকা মেট্রো ব ১৮-৩৬৬৭
448.jpg,কুড়িগ্রাম হ-১১-৭৭৫৪
1031.jpg,খুলনা মেট্রো লে-১১-০৯৪২
179.jpg,চট্ট মেট্রো-অ ১১-০৩২৯
391.jpg,কিশোরগঞ্জ হ- ১২- ১৩৫৫
579.jpg,পাবনা-ব ১১-০০৩৪
1476.jpg,"সুনামগঞ্জ-ই
১১-৩০৭২"
1218.jpg,ঢাকা মেট্রো -গ ১১-৯৯৯৯
1381.jpg,সি-৫০৪৯৬
1558.jpg,ঢাকা মেট্রো-ব ১৪-৮৫১২
746.jpg,চুয়াডাঙ্গা হ-১৩-২৬৩৭
987.jpg,ঢাকা মেট্রো-গ ৩৯-৮১০১
783.jpg,রাঙ্গামাটি-ল ১১-০৫৬০
143.jpg,নারায়ণগঞ্জ থ ১১-৩৫১৩
1272.jpg,ঢাকা মেট্রো-গ ২২-৪৮ 08
1313.jpg,ঢাকা মেট্রো-ঘ ১৭-২৭৫০
927.jpg,মাদারীপুর ল-১১-৩৯৭১
637.jpg,ঢাকা মেট্রো-গ ১৯-৮৬১২
809.jpg,বরিশাল-ল ১১-৬৫৭৪
616.jpg,নেত্রকোনা-হ ১১-৮৫২০
295.jpg,শেরপুর-ল ১১-২৩৫৭
1048.jpg,রাজ মেট্রো-ল ১২-৬৬৪৩
1589.jpg,ঢাকা মেট্রো-গ ৩৩-২২৭৩
89.jpg,চট্ট মেট্রো-গ ১১-১৯৬৫
42.jpg,টাংগাইল-ল ১২-৩৮৬৭
1617.jpg,ঢাকা মেট্রো-ক ১১-১৬৮১৭
132.jpg,নারায়ণগঞ্জ-থ ১১-২৪৩৭
722.jpg,ঢাকা মেট্রো - হ ৪৫-৫৬৮১
711.jpg,ঢাকা মেট্রো-ড ১১-১৮৬০
814.jpg,ঢাকা মেট্রো-গ ১৭-২১৬৪
1549.jpg,ঢাকা মেট্রো-গ ২৩-৭৬১৮
1217.jpg,ঢাকা মেট্রো-গ-১১-০০০৯
165.jpg,চট্টগ্রাম-থ ১৪-১৮৭৭
291.jpg,ঢাকা মেট্রো-ব ১৫-৩০৩২
1583.jpg,ঢাকা মেট্রো-গ ৩১-৪০৮৯
943.jpg,DHAKA METRO -G-11- 9994
349.jpg,ঢাকা মেট্রো-ঘ ১৮-৮৫৩৫
572.jpg,নরসিংদী - ন  ১১-০১৮৫
701.jpg,ঢাকা মেট্রো - হ ৫৯-৩২৮৯
1576.jpg,রাঙ্গামাটি-ল ১১-১
933.jpg,যশোর-ল ১১-৮২৯৫
1336.jpg,রাজ মেট্রো-চ ৫১-০০০৫৬
1104.jpg,ঢাকা মেট্রো-ব ১১-১৯০৩
757.jpg,ঢাকা মেট্রো-ভ ১১-১৮৯১
459.jpg,সিরাজগঞ্জ-ল ১১-৭৪৩৩
376.jpg,ঢাকা মেট্রো ড-১৪-১৩৮৬
334.jpg,নাটোর-ল ১১-১৮৫১
945.jpg,পিরোজপুর-ই ১১-১২৮৭
1474.jpg,ময়মনসিংহ- ই ১৪-৯১৭৯
1362.jpg,ঢাকা মেট্রো-গ ১৭-৩০২২
1055.jpg,রাজশাহী-হ ১৫-৩৪০৮
724.jpg,সিরাজগঞ্জ-ল ১১-৪৭৪০
1551.jpg,ঢাকা মেট্রো-ব ১৫-৮৮৫৫
1318.jpg,১১-৫৬৪৬
329.jpg,বরগুনা হ-১১-১২৬৬
1192.jpg,ঢাকা মেট্রো-গ ১১-৮৪৩২
319.jpg,নোয়াখালী-হ ১১-১১৭৪
1284.jpg,ঢাকা মেট্রো-চ ১৫-৬২৮৩
1378.jpg,ঢাকা মেট্রো-ই ৪৯-২০০৩
1455.jpg,ঢাকা মেট্রো - গ-১১-৯৭৮৪
168.jpg,ভোলা-হ ১২-০৫৩২
13.jpg,ঢাকা মেট্রো- হ ৩৪-৪৩১৩ 
172.jpg,চট্ট মেট্রো- প ০৫-০৩৩৬
650.jpg,ঢাকা মেট্রো-চ ১৫-৯১০৮
261.jpg,মৌলভীবাজার -হ ১২-৭৪৪১
1024.jpg,বাখারামাটি-স ১১-৩৫৬১
1179.jpg,ঢাকা-ড-১১ ১৮-০০৩৯
673.jpg,শরীয়তপুর-ল ১১-৪৮৫৭
259.jpg,খুলনা মেট্রো-জ ০৪-০০১৫
994.jpg,দাকা মেট্রো র ১১-১২১৬
139.jpg,নারায়ণগঞ্জ - থ ১১-৪৩৫৭ 
550.jpg,নওগাঁ-ল ১১-৪১৯৩
758.jpg,ভোলা-ল ১১-০৭৪৫
1281.jpg,ঢাকা মেট্রো - ল ১১-৭৭৯৮
1044.jpg,ঢাকা মেট্রো-ভ ১১-১৯৮১
1555.jpg,ঢাকা মেট্রো - ১৩-১০৬২
559.jpg,ঢাকা মেট্রো-ড ১৪-৫২৮৮
140.jpg,ঢাকা মেট্রো-ব ১১-৫৩৩৫
1457.jpg,বাজরাড়ী-হ ১১-৮৮৬৩
532.jpg,পিরোজপুর-ল ১১-১০৩৬
225.jpg,খুলনা মেট্রো হ-১১-৯৩৯২
725.jpg,চট্ট মেট্রো-গ ১২-৮৪১০
410.jpg,লক্ষীপুর - ল ১১-৪১৬৮
326.jpg,লক্ষ্মীপুর-ল ১১-৪৫২৯
1392.jpg,ঢাকা মেট্রো-ঘ ১৮-০৭০৯
300.jpg,পঞ্চগড়-ল ১১-১০২২
1064.jpg,রাজশাহী-হ ১৮-৪০৯৯
916.jpg,জামালপুর-হ ১১-৭৩০২০
1642.jpg,চট্টগ্রাম-৫ ৫৯১৪
1552.jpg,ঢাকা-ঘ ১৩-৪৫১১
715.jpg,নাটোর-ল ১১-৫৪৮২
194.jpg,চট্ট মেট্রো - প ০৫-০৮৮০ 
441.jpg,পঞ্চগড় - হ ১১-৮১৮৭
574.jpg,সাতক্ষীরা-ল ১২-২৯৮২
504.jpg,কুমিল্লা-ল ১১-২৩৮৯
606.jpg,যশোর-ল ১৩-৪৯৮৬
951.jpg,চুয়াডাঙ্গা-মেট্রো-ল ১১-২৮২০
1494.jpg,ঢাকা মেট্রো-গ ২০-৭৫৮৫৫
4.jpg,সুনামগঞ্জ-ল ১১-০৮৮০
1540.jpg,ডি-১১-০৪৮১
468.jpg,ভোলা-ল ১১-০৭১৮
322.jpg,পটুয়াখালী-ল ১১-১৮১৩
6.jpg,রাজশাহী- ল ১১-২২৫৯
223.jpg,খুলনা মেট্রো-ন ১১-০৮৩০
548.jpg,রাজশাহী-ব ০৫-০০০৮
1069.jpg,রাজ মেট্রো-ল ১২-১৯৯৭
40.jpg,চট্ট মেট্রো-ব ১১-০৭৮০
543.jpg,ঢাকা মেট্রো-ন  ১৭-৮৬২৪
243.jpg,লালমনিরহাট - হ ১২-৫৪৭৮
137.jpg,নারায়ণগঞ্জ - থ ১১-১৯৪৬
1470.jpg,ঝালকাঠি-ল ১১-০৬১৮
1320.jpg,ঢাকা মেট্রো -৫৯৭২
1548.jpg,কুড়িগ্রাম-হ ১৩-৫৩৯৪
965.jpg,লক্ষ্মীপুর-ল ১১-৪৮২৯
835.jpg,রাজ মেট্রো-ব ১১-০১৭০
1188.jpg,ঢাকা মেট্রো-ব ১৮-০৬৩
939.jpg,কক্সবাজার-ল ১১-৫৬৮৫
1525.jpg,রাজ মেট্রো-ট ১১-০৭৪৯
582.jpg,ঢাকা মেট্রো - ঘ ১১-০৫৪৭
1477.jpg,ঢাকা মেট্রো-ব ১৫-৬২৯৯
1649.jpg,"ময়মন- ম
১১-৬১০৮"
662.jpg,পটুয়াখালী-হ ১১-৬৩০০
1434.jpg,টাংগাইল-হ ১৫-৬৭৭৩
1550.jpg,ঢাকা মেট্রো-গ ২৩-৭৬১৮
377.jpg,রাজ মেট্রো- ল ১১-৪৪৯৯
1235.jpg,ঢাকা মেট্রো-ক ১১-৪১১৩
315.jpg,সুনামগঞ্জ-ল ১১-০৫১৭
443.jpg,সাতক্ষীরা-হ ১৬-৯৪৩৭
924.jpg,খুলনা মেট্রো-ল ১২-৩৩৪৬
320.jpg,ঢাকা মেট্রো-ব ১১-১৩৮০
1006.jpg,রাজ মেট্রো ড ১১-০০০৬
991.jpg,গাইবান্ধা-ল ১১-৩৮৭১
990.jpg,ঢাকা মেট্রো - ০০৮০
1260.jpg,ঢাকা মেট্রো-গ ২২-০২২৭
425.jpg,পাবনা - অ  ১১-৩৯০১
554.jpg,ঢাকা মেট্রো-ড ১২-০১৩০
595.jpg,পাবনা- ল ১১-১৬৭১
1643.jpg,কক্সবাজার- হ ১১-০১৫০
369.jpg,ঢাকা মেট্রো-ব ১৪-১৪৭০
1289.jpg,ঢাকা মেট্রো-গ ৩৩-৪৫৫৬
1341.jpg,ঢাকা মেট্রো গ ২৩-৯৪৮৯
1490.jpg,খুলনা মেট্রো হ-১১-১৭২৬
773.jpg,নওয়াবগঞ্জ-হ ১১-৫৩৬৭
228.jpg,ঢাকা মেট্রো-ট ১৮-৭৯৭৪
1604.jpg,ঢাকা মেট্রো-গ ১১-০৬২১
1205.jpg,ঢাকা-জ-১৯৪৭৩
1113.jpg,ঢাকা-গাজীপুর-৩৪ ৫৮-৪৯০৩
1147.jpg,ঢাকা মেট্রো-খ-১৪-০০৩৮
67.jpg,ঢাকা মেট্রো-ঘ ১৩-৫১৪৫
394.jpg,ঢাকা মেট্রো - খ ১২-২৯২৯
580.jpg,যশোর-হ ১৭-৬০৩৫
25.jpg,রাজ মেট্রো- ঝ ১১-০০০৪
212.jpg,খুলনা মেট্রো- থ ১১-০৬৫২
1290.jpg,রাজশাহী-ল ১২-৪৭৫৯
975.jpg,ময়মনসিংহ-হ ১১-৬০৮৯
537.jpg,খুলনা মেট্রো- হ ১৩-১৮২০
888.jpg,নড়াইল ল-১১
1646.jpg,ঢাকা মেট্রো - গ ১১-৭৫৪৬
86.jpg,১১-০৭৬২
1507.jpg,বা-৫৮-৪৭৮৫
273.jpg,ঢাকা মেট্রো-গ ১৫-৩৭৫০
1084.jpg,ঢাকা মেট্রো ১৪-৫৮০০
1146.jpg,রাজি মেট্রো ১১-০০৬৯
1114.jpg,ঢাকা মেট্রো-ব ১৪-৬৬৮৯
1624.jpg,ঢ.মেট্রো ১২-০০০১
631.jpg,ঝিনাইদাহ-হ ১২-৪৪৬৩
1270.jpg,ঢাকা মেট্রো-গ ২৭-৯৮৮২
1563.jpg,ঢাকা মেট্রো - ১২-২০৬৯
1429.jpg,সুনামগঞ্জ-ল ১১-০৭৪২
506.jpg,শেরপুর-হ ১১-৯৪০৮
274.jpg,ঢাকা মেট্রো - খ ১২-৫৬৩৫
1182.jpg,ঢাকা মেট্রো-ব ১৪-৩৮৩৭
1459.jpg,ঢাকা মেট্রো-গ ২২-৫৬২৭
363.jpg,রাজ মেট্রো- ল ১১-৮৩৩৭
1353.jpg,ঢাকা মেট্রো-গ ২৫-০০৩৩৯
623.jpg,নওগাঁ-হ ১৫-৪৫০৩
3.jpg,রাজ মেট্রো-ট ১১-০২০৯
7.jpg,কক্সবাজার - ল ১১-১৯৪৫ 
312.jpg,ঝালকাঠি হ-১১-৪৪৩৯
1133.jpg,ঢাকা মেট্রো-এ ১১-২৮৪৯
817.jpg,হবিগঞ্জ - ল ১১-২০৩৪
666.jpg,পিরোজপুর-ল ১১-১৩৮৯
365.jpg,খাগড়াছড়ি. হ ১১-৩৩৬১
1652.jpg,চট্ট-মেট্রো-ন ১১-৭৬০২
216.jpg,ঢাকা মেট্রো-গ ২৮-৮৯২৬
846.jpg,খাগড়াছড়ি-ল ১১-০৫৯০
28.jpg,চট্ট মেট্রো-ল ১৪-৩১৪০
1201.jpg,ঢাকা মেট্রো - গ ১১-৬৭৪৮
526.jpg,শেরপুর-ল ১১-২৭৮৯
1532.jpg,ডাকা মেট্রো - ২০-১৩৩৭
1444.jpg,ঢাকা মেট্রো - ৩৪-০২৪২
639.jpg,ঝালকাঠি-হ ১১-৪৭৫৯
937.jpg,চট্ট মেট্রো-ক ০১-১৪৮০
719.jpg,ঢাকা মেট্রো-ট ২০-৫০১৬
692.jpg,ঢাকা মেট্রো-ট ২০-৩৮৫৭
1314.jpg,ঢাকা মেট্রো-ব ১৯-৮০৬৭
625.jpg,সাতক্ষীরা-ল ১১-৫৩৭১
8.jpg,বগুড়া - ট  ১১-০৫৪২
257.jpg,নাটোর-ল ১১-৫৭৩৯
804.jpg,হবিগঞ্জ-ল ১১-২০৩৪
26.jpg,জামালপুর ল-১১-৪৯৮৪
337.jpg,নাটোর-ল ১১-১৮৫১
573.jpg,ঝিনাইদহ-হ ১৩-২৬৭১
48.jpg,রাজ মেট্রো-ল ১১-৫৬৮৪
1237.jpg,ঢাকা মেট্রো-গ ২১-২৬৯০
107.jpg,ঢাকা মেট্রো-খ ১১-৫৯৮৪
350.jpg,মাগুরা - ল ১১-৩৪৯৮ 
56.jpg,ঢাকা মেট্রো-গ ২৩-৯৩৫৮
1010.jpg,৩৩-১৩৩০
214.jpg,ঢাকা মেট্রো-ড ১১-৬২৮১
121.jpg,ঢাকা মেট্রো - গ ১৭-৩২১২
1058.jpg,রাজশাহী-হ ১৬-৭১৯১
1157.jpg,ঢাকা-মেট্রো-হ-১১-৫৬৭৮
794.jpg,ঢাকা মেট্রো-ঘ ১৭-০৮০২
73.jpg,ঢাকা মেট্রো-গ ২৬-৫৫৬৫
813.jpg,ঢাকা মেট্রো-হ ৫১-৮৮৯১
1447.jpg,ঢাকা মেট্রো-গ ২৯-৩৫৯২
1480.jpg,রংপুর-হ ১৫-৯১২৮
893.jpg,মাদারীপুর-ল ১১-৩৪৪১
46.jpg,পাবনা-হ ১২-৯৯৩৫
1405.jpg,সিলেট  ৭-১৪৬৩
524.jpg,ঢাকা মেট্রো-গ ৩৩-৬১২৮
233.jpg,সাতক্ষীরা - হ  ১৭-৪০১৫
985.jpg,ঢাকা মেট্রো-ঘ ১৫-৫২৭৬
1228.jpg,কুষ্টিয়া-ই ২৯-৯৯৯১
1264.jpg,রাজ মেট্রো-গ ১১-০৪১২
1250.jpg,চট্ট মেট্রো খ ১১-০৯৩০
534.jpg,ঠাকুরগাঁও-হ ১৩-০২৪৪
1263.jpg,রাজ মেট্রো-গ ১১-০৮১২
1513.jpg,ঢাকা মেট্রো-ব ১৪-৫৩২৭
604.jpg,সিরাজগঞ্জ-ন ১১-০০২৮
466.jpg,খাগড়াছড়ি- ল ১১-০৫৯১
1546.jpg,DHAKA METRO-G ৩৩-৩৮৯৯
789.jpg,কিশোরগঞ্জ - থ ১১-৩২১২ 
1421.jpg,চট্ট মেট্রো-ল ১২-৪১৮৭
969.jpg,ঢাকা মেট্রো-গ ১৭-৯৫৫৭
1095.jpg,রাজশাহী-ব ১১-০০৫৮
61.jpg,ঢাকা মেট্রো-ঘ ১১-৪৭৯৩
1565.jpg,ঢাকা মেট্রো-গ ১৮-৩০৬৯
93.jpg,কক্সবাজার-ল ১১-৩১৯৫
667.jpg,ঢাকা মেট্রো-ল ৩৭-১২৫১
1597.jpg,ঢাকা মেট্রো -ব ১১-৪২৪০
1417.jpg,ঢাকা মেট্রো-ব ১৫-৯৮৯৯
195.jpg,চট্ট মেট্রো - ঢ ৮১-৪৫০৫
281.jpg,কিশোরগঞ্জ-ল ১১-৪১১৯
696.jpg,ঢাকা মেট্রো-ল ২১-০৩৭৫
360.jpg,কুড়িগ্রাম-হ ১৩-৬১৮৯
520.jpg,খুলনা-হ ১১-৫৯৯৩
1014.jpg,মেট্রো ঢাকা ৩ ০৫-১৮৮৫২
1206.jpg,ঢাকা মেট্রো - গ ১১-৯৬৮৭
848.jpg,রংপুর-হ ১৭-১৭৫৮
183.jpg,চট্টগ্রাম - খ ১৩-৭০৩০
1143.jpg,ঢাকা মেট্রো-ব ১৪-৭০৩৩
1559.jpg,ঢাকা মেট্রো-ভ ১১-১৫৮৪
111.jpg,গোপালগঞ্জ- হ ১১-৬০৭৮
1028.jpg,ঢাকা-গ-১৮
1354.jpg,ঢাকা মেট্রো-খ ২৯-২৯০১
43.jpg,রাজবাড়ী ল ১১-০৬০৫
747.jpg,পাবনা-ল ১২-০৯২৫
126.jpg,ঢাকা মেট্রো - গ ১৫-৮৪১৬
205.jpg,খুলনা মেট্রো-হ ১৩-৫১৮০
1076.jpg,নওগা-ল ১৩-৯৩৩২
53.jpg,পটুয়াখালী হ-১১-১৯৮০
1252.jpg,ঢাকা মেট্রো-চ ৫৭-২৮৪৬
546.jpg,সিরাজগঞ্জ-ল ১১-৫৩৪৮
69.jpg,ঢাকা মেট্রো গ ৩৫-৯৫৬৮
1180.jpg,ঢাকা মেট্রো-ব ১৮-৬১৬৮
508.jpg,ঢাকা মেট্রো-ব ১২-০৯২৪
1299.jpg,তাকা মেট্রো-ব ১১-৬৪৬৩
330.jpg,খুলনা মেট্রো-হ ১৩-০১৩৯
940.jpg,সিলেট মেট্রো - ল ১১-১৮৩৬
184.jpg,ঢাকা মেট্রো-ব ১১-৫৫৩৫
138.jpg,ঢাকা মেট্রো - ম ৫১-৭৪৬১
900.jpg,জামালপুর-হ ১২-৮৩৪৫
797.jpg,মানিকগঞ্জ - ল ১১-০৫৫৫
133.jpg,মুন্সীগঞ্জ-থ ১১-০০২৫
81.jpg,ঢাকা মেট্রো গ ২৫-২০৩২
1450.jpg,চট্টগ্রাম-হ ৩৩-৯১৩
106.jpg,ঢাকা মেট্রো-গ ২০-৪৭৭৫
1294.jpg,ঢাকা মেট্রো-গ ৩৮-২৭৯২
542.jpg,মাগুরা-ল ১১-২৯৫১
918.jpg,ঢাকা মেট্রো-গ ১৫-০২৮১
481.jpg,পাবনা - হ ১৫-৩৪৩০ 
166.jpg,চট্টগ্রাম - থ ১২-৩৬৬১
249.jpg,ঢাকা মেট্রো-ব ১৪-৪৪৩৫
308.jpg,বরিশাল মেট্রো হ-১২-৪৩১০
447.jpg,বরিশাল মেট্রো-হ ১২-৪৩১০
998.jpg,ঢাকা মেট্রো-ই ৭১-১৫২৫
859.jpg,কিশোরগঞ্জ-ল ১১-৫০৬১
335.jpg,ঢাকা মেট্রো-ঘ ১৮-৮৫৩৫
1162.jpg,ঢাকা মেট্রো-ড ১৪-৫২৮৮
850.jpg,D.M-TA 22-7887
98.jpg,দিনাজপুর-ল ১১-৮৪৮১
1117.jpg,ঢাকা মেট্রো-১১-০৫৬৭
1653.jpg,ঢাকা মেট্রো-ড ০২-১৮২৬
738.jpg,বরিশাল হ-১১-৩৪০৭
1059.jpg,রাজ মেট্রো-ল ১১-৫২৭৭
1253.jpg,ঢাকা মেট্রো -গ ৩৩-২৭০০
422.jpg,খুলনা মেট্রো - হ ১১-১৭৩৭
103.jpg,বগুড়া-ব ১১-০০৮৩
435.jpg,ঢাকা মেট্রো-ভ ১৪-০০৮২
75.jpg,ঢাকা মেট্রো-খ ১১-৩৮২৬
1498.jpg,খুলনা - ম ১২-৪৮৯৮
910.jpg,ঢাকা-মেট্রো-ল ১৩-২৬৭১
1007.jpg,ঢাকা মেট্রো-গ ২৯-৯২৯৯
229.jpg,ঢাকা মেট্রো-ব ১৪-৬০৫১
1519.jpg,চট্ট মেট্রো-গ ১২-৫৬৯৫
919.jpg,ঢাকা মেট্রো-ঝ ১১-১২৭৯
303.jpg,বরিশাল মেট্রো - হ ১২-৪৩১০
1439.jpg,ঢাকা মেট্রো-গ ২৭-৯২৬৭
1404.jpg,ঢাকা মেট্রো - গ ১২-৭৩৬৪
1361.jpg,ঢাকা মেট্রো  ১৩-২৯৭৬
825.jpg,ঝিনাইদহ - হ ১৫-২৯৪৬
763.jpg,পাবনা-ন ১১-০২৬৫
734.jpg,নাটোর-ল ১১-৬২৭৬
389.jpg,ঢাকা মেট্রো-ব ১৪-৫৮২৫
236.jpg,খুলনা মেট্রো-ঠ ১৩-১৪২৬
1385.jpg,রাজ মেট্রো-ব ১১-০১৩৮
268.jpg,বরিশাল-ল ১১-২৫২৬
306.jpg,মানিকগঞ্জ - হ ১২-০৪০৯
1277.jpg,চট্ট মেট্রো-গ ১১-০৯০০
983.jpg,ঢাকা মেট্রো-গ ১৩-৪৩৮৩
118.jpg,নারায়ণগঞ্জ - থ ১১-৫১১১
1349.jpg,গৌলভীবাজার-হ ১২-৮৮৪৩
674.jpg,চাঁদপুর-হ ১১-৮০৩৩
250.jpg,ঢাকা মেট্রো-গ ২৭-৭৪১৫
1271.jpg,ঢাকা মেট্রো-গ ৩৭-৭৬৮৫
1198.jpg,ঢাকা মেট্রো-ব ১৪-৫৩৭০২
72.jpg,ঢাকা মেট্রো-গ ৩৯-৯১৭৩
95.jpg,ঢাকা মেট্রো-ব ১১-৮৭৮৮
1074.jpg,নাটোর-ল ১২-২৮৬০
34.jpg,খাগড়াছড়ি হ-১১-৬০৪৩ 
800.jpg,কিশোরগঞ্জ-হ ১২-৪০২৮
1223.jpg,মাওয়া-মো-৫৩-৭১৬
1402.jpg,খুলনা মেট্রো ই ১৩-০০৩
449.jpg,হবিগঞ্জ-হ ১১-৪২২৫
446.jpg,মানিকগঞ্জ - হ ১২-৫২৬২
772.jpg,পাবনা - ন ১১-০২৬৫ 
717.jpg,ঝালকাঠি ল ১১-০৪৩১
1112.jpg,ঢাকা মেট্রো-ব ১৫-০৯৮৬
1273.jpg,ঢাকা মেট্রো-গ ৩৩-২৭৩০
1.jpg,রাজ মেট্রো-গ ১১-০৪৩৪ 
1425.jpg,ঢাকা মেট্রো গ ১৭-৬২৯৯
1232.jpg,রাজ মেট্রো-স ১১-০০০২
78.jpg,ঢাকা মেট্রো-গ-১১-৮৫১৮ 
85.jpg,ঢাকা মেট্রো-গ ২১-৮৬৩৫
145.jpg,নারায়ণগঞ্জ ড ০২-০১৮৭
83.jpg,ঢাকা মেট্রো -চ ৫৩-৪৫৪১
458.jpg,মৌলভীবাজার থ- ১২-৮০৫৪
1085.jpg,ঢাকা মেট্রো-ব ১১-৩৫৪৩
677.jpg,পিরোজপুর- ল ১১-১৩২৭
1611.jpg,ঢাকা মেট্রো য ১১-০০৬৮
1332.jpg,ঢাকা মেট্রো-ঘ ১৭-২৭৫০
437.jpg,কিশোরগঞ্জ - ল ১১-১২০২
771.jpg,ঢাকা মেট্রো-ঘ ১৫-৫১৪৬
870.jpg,চট্ট মেট্রো-ট ১১-৬৮৬৩
645.jpg,সিরাজগঞ্জ ল-১১-০০২৬
863.jpg,ঢাকা মেট্রো - হ ১১-৯৪০৮
1596.jpg,রাজ মেহেদী ৫৩-০০০১
977.jpg,পাবনা- ই ১৫-৬৩৬৬
1080.jpg,ঢাকা মেট্রো-গ-১১-৮৪৫৮
1327.jpg,ডি-১১-৫৫৫৫
1246.jpg,ঢাকা মেট্রো-খ ১২-৯১৮৮
405.jpg,নওয়াবগঞ্জ-ল ১১-৩২২৫
1451.jpg,"যশোর-ই
১৫-৭৫৫৬"
1091.jpg,ঢাকা মেট্রো ১৮-৫৩২৩
1326.jpg,ঢাকা মেট্রো-গ ৩৯-০৯৫৮
105.jpg,যশোর-ল ১২-৬৮৯৮
610.jpg,রংপুর-হ ১৪-২৪৪৬
1035.jpg,ঢাকা মেট্রো-চ ৫৮-৩২৪৫
1034.jpg,ঢাকা মেট্রো-হ ১৬-২৯৯৯
689.jpg,মৌলভীবাজার - ল ১১-১৭৩৯
1671.jpg,চুয়াডাঙ্গা-ট ১১-০২২৭
827.jpg,পিরোজপুর-ল ১১-০৩১৪
1274.jpg,ঢাকা মেট্রো-ব ৫৭-২৪৮১
1090.jpg,দাকা মেট্রো-ব ১১-৫৮৭৩
63.jpg,চট্ট মেট্রো গ ১১-৯১৯৪
282.jpg,ঝিনাইদাহ - ট  ১১-১১৭৮
853.jpg,নওয়াবগঞ্জ-হ ১৪-৮১১৮
779.jpg,সাতক্ষীরা-হ ১৪-৩৩৮৫
1672.jpg,ঢাকা-মেট্রো-হ-১১-৩৭৯
239.jpg,লালমনিরহাট - ল ১১-১৮২০
224.jpg,খুলনা মেট্রো ল ১২-২০৮৭
146.jpg,ঢাকা মেট্রো-গ ২৫-৫২২২
1562.jpg,ঢাকা মেট্রো-ভ ১১-১২৩৬
374.jpg,পঞ্চগড়-ল ১১-১৪০৩
1367.jpg,ঢাকা মেট্রো-গ ১৮-৫০৩১
1189.jpg,ঢাকা মেট্রো-ব ১৩-৪৮৭১
119.jpg,ঢাকা মেট্রো-ব ১৩-১৮১৫
1488.jpg,ঢাকা মেট্রো-গ ৩৩-৭৩৪৬
1379.jpg,ঢাকা মেট্রো-গ ১১-৭৬৪১
251.jpg,নোয়াখালী -ল ১১-৩৬২৬
1614.jpg,লক্ষ্মীপুর-হ ১১-০৫২১
1344.jpg,ঢাকা মেট্রো গ ২৫-০০৩৩৯
1209.jpg,ঢাকা মেট্রো-ব ১১-৬০১৯
10.jpg,চট্ট মেট্রো-ব ১১-০৭৮০ 
450.jpg,ময়মনসিংহ-হ ১৩-৪৩৫২
709.jpg,গোপালগঞ্জ-হ ১১-৫০২৫
256.jpg,কুড়িগ্রাম-হ ১১-৩১৭১
883.jpg,মাদারীপুর হ-১১-০০১৩
390.jpg,নীলফামারী-ল ১১-২৫৬৭
909.jpg,সিলেট মেট্রো - ল ১১-১৮৩৬
925.jpg,কক্সবাজার-ল ১১-৫৭৩৩
1433.jpg,মাদারীপুর-জ ১১-৩৯৭২
1041.jpg,সিলেট-হ ১৪-৭৮৯৩
461.jpg,ঢাকা মেট্রো-ব ১৫-৮৮৫৫
1399.jpg,ঢাকা মেট্রো-গ ৩৯-০৯৫৮
959.jpg,চট্ট মেট্রো-গ ১২-২৯৮২
502.jpg,সাতক্ষীরা-ল ১২-৩৬১৮
740.jpg,ঢাকা মেট্রো-চ ১৫-৪৭০২
1545.jpg,ঢাকা মেট্রো-গ ১৯-৮০৪৩
869.jpg,সুনামগঞ্জ- হ ১১-২১৩২
732.jpg,ব্রাক্ষণবাড়িয়া-ল ১১-২০৮১
540.jpg,ঢাকা মেট্রো-ট ১৩-০৪৩৯
698.jpg,মাদারীপুর - হ ১১-৭৫৪৫
1166.jpg,ঢাকা মেট্রো-ব ১১-০০১০
1152.jpg,বগুড়ারী ৬০০
1032.jpg,যশোর-ল ১৩-৩৭৭৭
373.jpg,ঢাকা মেট্রো-ঝ ১১-১২০০
668.jpg,জামালপুর-ল ১১-১১৩৪
1310.jpg,ঢাকা মেট্রো-গ ১৮-৫০৩১
358.jpg,ঢাকা মেট্রো-ব ১৫-১৪৮৭
968.jpg,ঢাকা মেট্রো-গ ৩৯-৮১০১
784.jpg,যশোর-হ ১৩-৪২০২
736.jpg,ঝিনাইদহ  ল-১১-৫০৮২
1036.jpg,ঢাকা মেট্রো-ঘ ১৭-২৭৫০
971.jpg,ঢাকা মেট্রো-গ ১১-৫২৮৪
1279.jpg,রাজ মেট্রো-ল ১২-২৯৬৪
1331.jpg,ঢাকা মেট্রো-ব ১১-১৯০৩
1248.jpg,ঢাকা মেট্রো-গ ৩৪-৫৭৮৬
1423.jpg,ঢাকা মেট্রো ল ৪১-৯০২৯
1443.jpg,ঢাকা মেট্রো ল ১৯-৪০৭১
886.jpg,ভোলা এ-১৪২
80.jpg,ময়মনসিংহ - হ ১৩-৪০২৭ 
815.jpg,ঢাকা মেট্রো-গ ১৫-১৭০২
1669.jpg,গাইবান্ধা-হ ১১-৪০৮০
672.jpg,ঢাকা মেট্রো - চ ৫৩-৩২২৫
1286.jpg,ঢাকা মেট্রো-গ ২২-৪৪০৮
58.jpg,ঢাকা মেট্রো - ঘ ১১-৪৯৩৬
134.jpg,নারায়ণগঞ্জ থ ১১-৩৫১৩
934.jpg,পটুয়াখালী-ল ১১-০৬৫৫
1415.jpg,চট্ট মেট্রো-ল ১৫-৬১৮৮
824.jpg,ঢাকা মেট্রো-ব ১৫-৬৬২৬
505.jpg,নোয়াখালী-ল ১১-১৯৮৫
1487.jpg,ঢাকা মেট্রো-ব ১৮-৩৩৩৩
348.jpg,ঢাকা মেট্রো-ব ১৫-৫৮৩৩
387.jpg,খাগড়াছড়ি-ল ১১-০৮১৮
1025.jpg,মাগুড়া-ল ১১-১৫৬০
895.jpg,ঢাকা মেট্রো-খ ১২-৭৪০৪ 
829.jpg,ময়মনসিংহ-ল ১২-০৭৩৮
1587.jpg,লক্ষীপুর-ই ১১-৬৫২৩৭
476.jpg,রাজ মেট্রো-ল
1170.jpg,দিল্লী মেট্রো ১৮-৫৮২০
653.jpg,বগুড়া-ল ১১-০৫৭৩
173.jpg,ঢাকা মেট্রো-ব ১৪-০৬৪২
39.jpg,চট্ট মেট্রো-ভ ০২-১২৫৭
714.jpg,ময়মনসিংহ - ল ১৩-১৮২৬
91.jpg,শেরপুর - ল  ১১-২১২৫
1620.jpg,ঢাকা মেট্রো-ব ৫৮-৬৬৮৯
876.jpg,ঢাকা মেট্রো-ল ১১-৮০০৩
1129.jpg,খুলনা মেট্রো-ব ১১-০০৮৬
1316.jpg,ঢাকা মেট্রো -ব ১৫-৭৮৩৮
1638.jpg,চট্ট মেট্রো-ড ১১-০০৫২
500.jpg,ঢাকা মেট্রো-ব ১৫-৮৮৫৫
339.jpg,সাতক্ষীরা-হ-১২-৩২৮১
29.jpg,পিরোজপুর হ-১১-৭৬৩৫
1109.jpg,ঢাকা-মেট্রো-খ-১১-৯৭৮৫
1521.jpg,ঢাকা মেট্রো-হ ১১-০৩৬৫
946.jpg,"নবাবগঞ্জ-ই
১১-০২০১"
170.jpg,চট্ট মেট্রো - ড ১১-২১৮৯ 
913.jpg,রাজবাড়ী- ল ১১-২৯৩৩
492.jpg,ঢাকা মেট্রো -হ ৩১-৫৩৩০ 
954.jpg,রাজ মেট্রো- ই ১৩-৫৫৩৭
1098.jpg,রাজ মেট্রো-৪ ৫৫-০০৭৪
1033.jpg,ঢাকা মেট্রো-হ ৫০-৬৪৩২
588.jpg,কিশোরগঞ্জ- ল ১১-৪৫৯০
751.jpg,ভোলা - ল ১১-০২২৬
658.jpg,গোপালগঞ্জ-ল ১১-৩৪৭১
235.jpg,ঢাকা মেট্রো-ঝ ১২-০০৮৫
733.jpg,কক্সবাজার-ল ১১-৭০৩৪
1229.jpg,"The image does not contain a Bangladeshi vehicle registration plate. It appears to be a business card or advertisement for ""FARHAN AUTOS"" attached to a motorcycle. Therefore, there is no vehicle registration plate text to output."
1366.jpg,ঢাকা মেট্রো-খ ১২-০২০০
935.jpg,মৌলভীবাজার-১ ১১-২৮৪৮
1066.jpg,রাজ মেট্রো-ই ৫৭-০০৮০
109.jpg,ঢাকা মেট্রো-ব ১৪-৪২৫৮
1581.jpg,ঢাকা মেট্রো-ব ১১-১১৯৭
569.jpg,ঢাকা মেট্রো-ব ১২-৪৬০৫
891.jpg,ভোলা-ল ১১-০৯১৪
948.jpg,মৌলভীবাজার - ই ১২-৭৬০০
1049.jpg,ঢাকা-গাজীপুর-১১-০০৫৬
1240.jpg,ঢাকা মেট্রো-গ ৩৫-৮৪৩৫
1210.jpg,ঢাকা মেট্রো-ব ১৮-৩৫৬৭
885.jpg,ঠাকুরগাঁও-হ ১২-৬৬৮২
1406.jpg,সিলেট থ ১২-১৫৭৮
851.jpg,ঢাকা মেট্রো-ল ৩৬-৬৬৩৭ 
735.jpg,ঢাকা মেট্রো-গ ৩১-১৫২৪
718.jpg,ঝালকাঠি ল ১১-০৪৩১
455.jpg,গোপালগঞ্জ-ল ১১-৩৭৭২
265.jpg,দিনাজপুর-ল ১২-০৮৫৭
76.jpg,ঢাকা মেট্রো-গ ১৩-০২৭০
445.jpg,কুড়িগ্রাম হ-১১-৭৭৫৪
396.jpg,লক্ষ্মীপুর-ল ১১-৩২৫২
177.jpg,চট্ট মেট্রো - হ ৭১-০১৮৪
1043.jpg,বরগুনা-ল ১১-০৩৭৭
1458.jpg,খুলনা ল ১১-১১৪৯
1173.jpg,ঢাকা মেট্রো-গ-১১-৪৬১১
1388.jpg,ঢাকা মেট্রো গ ২৭-২১৯১
596.jpg,যশোর-ল ১২-৩২০১
62.jpg,ঢাকা মেট্রো-ল ১৩-৯৪৭৭
873.jpg,ঢাকা মেট্রো-ঘ ১৫-৪৯৪৩
1247.jpg,ঢাকা মেট্রো-ঘ ২১-২৬৯০
1570.jpg,ঢাকা মেট্রো-হ-১৭-৮৬
279.jpg,পিরোজপুর-হ ১১-৭৬৩৫
37.jpg,পটুয়াখালী-হ ১২-০৯৫৫
663.jpg,সিরাজগঞ্জ- হ ১১-৫৩৪৩
1510.jpg,ঢাকা মেট্রো-গ ৩৯-১৭৮৬
1442.jpg,ঢাকা মেট্রো-ব ১৪-৬৪৫৩
978.jpg,ঢাকা মেট্রো-গ ১১-২১৯২
1319.jpg,টাংগাইল-ঢ ১১-৪১৮০
739.jpg,সুনামগঞ্জ-হ ১১-৫৯৮৪
192.jpg,যশোর-হ ১৩-৯
920.jpg,ঢাকা মেট্রো-ঝ ১১-০৯৮০
457.jpg,নোয়াখালী- ল ১১-১৮৬৫
676.jpg,ময়মনসিংহ-ল ১১-৮৬৭৮
761.jpg,ঢাকা মেট্রো - ন ১১-৩৭০০
1511.jpg,ঢাকা মেট্রো - গ ১১-৯৮৫৯
729.jpg,রাজ মেট্রো-ন ১১-০০৯৬
413.jpg,নওয়াবগঞ্জ-ল ১১-১৮৪৭
1099.jpg,ঢাকা মেট্রো-ব ১৪-৪৯১১
826.jpg,জামালপুর-ল ১১-১৬১৪
617.jpg,ঝালকাঠি হ-১১-২৭৫১
115.jpg,নারায়ণগঞ্জ- থ  ১১-১৭৫৭
418.jpg,পটুয়াখালী-ল ১১-১২০৫
1595.jpg,ঢাকা মেট্রো-গ ৩৭-৫৭৯৬
970.jpg,ঢাকা মেট্রো-গ ১৭-৬৭৬২
605.jpg,ঝিনাইদহ - ল ১১-২৪৫৬
1602.jpg,ঢাকা মেট্রো-ঘ ১৭-৪৬০৭
90.jpg,ঢাকা মেট্রো-স ১১-০২৪৫
849.jpg,রংপুর-ল ১১-৫০১১
1275.jpg,ঢাকা মেট্রো-ঘ ২১-৪৩৮৫
1601.jpg,চট্ট মেট্রো-ঘ ১১-১১০১
754.jpg,ঢাকা মেট্রো-গ ২৫-০২৮৭
499.jpg,খুলনা মেট্রো-ট ১১-১৬৩৬
12.jpg,কক্সবাজার-হ ১১-৭৮৮১
397.jpg,খুলনা মেট্রো ন ১১-০৬৩৫
285.jpg,কুড়িগ্রাম-হ ১৩-৬১১৬
1067.jpg,রাজশাহী-হ ১২-০৭৯৭
691.jpg,চট্ট মেট্রো - ভ  ১১-০২৪৫ 
1369.jpg,ঢাকা মেট্রো-হ ৫৫-১৪৭৬
1567.jpg,ঢাকা মেট্রো-গ ৩৯-১৭৮৬
690.jpg,ঢাকা মেট্রো-হ ৪২-৮১২৮
852.jpg,ঢাকা মেট্রো-ল ৩৬-০০৬৫
160.jpg,ঢাকা মেট্রো-ল ৩৩-৯০১২
896.jpg,ঢাকা মেট্রো-ল ২৩-৯৪৪২ 
1323.jpg,ঢাকা মেট্রো-গ-১১-০০৯৮
258.jpg,নীলফামারী-হ ১৩-৭৪৪০
336.jpg,নাটোর-হ ১২-৭৩৯৪
1571.jpg,নাটোর খ ১১-১০৬৮
1040.jpg,ঢাকা মেট্রো-ঘ ১৮-৭৫৯৩
516.jpg,সাতক্ষীরা -ল ১১-৮২৬৫ 
1016.jpg,ঢাকা মেট্রো-গ ২২-৭৭১৫
769.jpg,রংপুর - হ ১৬-২৬৪২
1466.jpg,সাতক্ষীরা-ল ১১-৭২৮৪
762.jpg,নোয়াখালী-ল ১১-৪০৩২
1227.jpg,রাজ মেট্রো-ল ১১-৯১৯৩
1661.jpg,দেশি-৩৭ ১৩-৬৭৯
522.jpg,বরিশাল মেট্রো-হ ১২-৪৪২২
23.jpg,গাজীপুর-হ ১১-৬৭৩০
357.jpg,নরসিংদী - হ ১১-০৯৫১
1594.jpg,ঢাকা মেট্রো-গ ২১-৬০১৭
341.jpg,পটুয়াখালী - ল ১১-০৭৪৩
432.jpg,কিশোরগঞ্জ - ল ১১-১২০২
474.jpg,সাতক্ষীরা-ল ১২-২২৩৯
218.jpg,কুষ্টিয়া-ব ১১-০০৩৭
912.jpg,ঢাকা মেট্রো-ব ১২-৪৬০৯
1340.jpg,ঢাকা মেট্রো-গ ২৫-০০৩৩৯
1012.jpg,ঢাকা মেট্রো - ১৩-৩৫৫৫
1631.jpg,ডাক ৩০৮৮
94.jpg,দিনাজপুর-হ ১৪-৫৪১১
1009.jpg,নেত্রকোনা- ল ১১-১১১৩
1071.jpg,রাজ মেট্রো-ই ১৯-০৯০৩
1093.jpg,রাজ মেট্রো-ব ১১-০১৮৬
697.jpg,চট্ট মেট্রো-ম ৫১-১০৩২
1499.jpg,ঢাকা মেট্রো-গ ২০-৭৫৮৫
997.jpg,ঢাকা মেট্রো-ঝ ১৮-৫০৩১
154.jpg,ঢাকা মেট্রো-ঘ ১১-০০৮৫
1100.jpg,ঢাকা মেট্রো-গ ১৪-৮৩৩৯
1445.jpg,ঢাকা মেট্রো-গ ৩৭-৫৩৫৫
1674.jpg,রামগতি ১১-১০৪০
790.jpg,শরিয়তপুর - ল ১১-৫৪৪৩ 
581.jpg,কক্সবাজার - ল
704.jpg,নোয়াখালী ল-১১-২৩০১
1213.jpg,ঢাকা মেট্রো-গ১১-৪২০৭
1400.jpg,পিরোজপুর- হ ১১-৯১৬০
488.jpg,নীলফামারী - ল ১১-১০৮৫
560.jpg,ঢাকা মেট্রো-গ ৩২-১৯৬৭
1142.jpg,ঢাকা মেট্রো-ব ১৮-৪০০৩
1120.jpg,ঢাকা-মেট্রো-ব ১৪-৪৩০১
802.jpg,পাবনা-হ ১৩-২৭২০ 
513.jpg,খুলনা মেট্রো- ল ১২-৪৩০৬
634.jpg,নওগাঁ-হ ১৬-৯৩৯৬
1236.jpg,ঢাকা মেট্রো-গ ৩৪-৫৭৮৬
1495.jpg,ঢাকা মেট্রো -এ ১১-২৬৩৩
1151.jpg,ঢাকা মেট্রো-গ ১৮-০৮৫৮
791.jpg,ঢাকা মেট্রো - গ ২৫-০৩৩৯ 
117.jpg,ঝিনাইদাহ-ট ১১-০৩৮২
741.jpg,হবিগঞ্জ-হ ১১-৮৯৭৬
1082.jpg,ঢাকা মেট্রো-খ-১১-৭১৪৮
831.jpg,গাইবান্ধা-হ ১২-৮২১১
120.jpg,নারায়ণগঞ্জ-থ ১১-২১১৫
657.jpg,ঢাকা মেট্রো-গ ৩১-৯৯৭৪
1592.jpg,মুন্সীগঞ্জ-ব ১১-৭৮৮৯
636.jpg,রাজ মেট্রো-ল ১১-৫৬৯২
370.jpg,জামালপুর-হ ১২-৭৯২০
269.jpg,পটুয়াখালী- হ ১১-৮৫৯৯
656.jpg,রংপুর-হ ১৫-৭৩২৭
936.jpg,"ঠাকুরগাঁও- হ
১২-০১৩৫"
823.jpg,খুলনা মেট্রো ল-১১-৯১৮৪
867.jpg,মৌলভীবাজার - হ ১২-৪৪৫৩
47.jpg,ঢাকা মেট্রো খ ১২-২৯২৯
1436.jpg,ঢাকা মেট্রো-গ ২২-৫৬২৭
992.jpg,বাজ মেট্রো-খ ১১-২৭৬২
877.jpg,চট্ট মেট্রো-ঘ ১১-২৬২৪
774.jpg,ময়মনসিংহ হ-১১-২৮৯৪
1220.jpg,রাজ মেট্রো-ল ১২-০৯০৮
1676.jpg,ঝিনাইদহ-ল ১১-৫৮৪৮
5.jpg,রাজ মেট্রো-হ ১৩-০৪২৬
1004.jpg,রংপুর-ল ১১-২৯১০
1448.jpg,ঢাকা মেট্রো-ব ১৫-১৮১৯
264.jpg,ময়মনসিংহ-ল
1317.jpg,খাগড়াছড়ি- হ ১১-৫৯৫৮
1530.jpg,কক্সবাজার-চ ০১-০০০১
444.jpg,রাজ মেট্রো- ল ১১-৩০০২
1003.jpg,ঢাকা মেট্রো ১৯-৪১১৯
1078.jpg,ঢাকা মেট্রো-ব ১১-১০৫০
838.jpg,কুড়িগ্রাম-হ ১২-০০০৫
1497.jpg,ঢাকা মেট্রো-ব ১২-৩৬৯৪
305.jpg,ময়মনসিংহ -হ -১১-১৬০৮
1306.jpg,ঢাকা মেট্রো-চ ৪৮-০০৫০
314.jpg,নবাবগঞ্জ-হ ১১-০২০১
150.jpg,ঢাকা মেট্রো-ছ ৭১-২৭৫৭
1149.jpg,ঢাকা মেট্রো -এ ১১-৬৭৭৫
1214.jpg,ঢাকা মেট্রো-র ১১-১০৫০
575.jpg,বরিশাল মেট্রো - ল ১১-২৫৪২
51.jpg,ঢাকা মেট্রো-স ১১-০১৮৭
1303.jpg,ঢাকা মেট্রো-ট ১৫-২৯৮৯
727.jpg,ঢাকা মেট্রো-খ ১২-২৯২৯
834.jpg,নোয়াখালী-ল ১১-০১৮৫
1116.jpg,তাকা-মেট্রোব ১৪-৬৮১৪
1167.jpg,ঢাকা মেট্রো-গ ০৩-০৯৯২
471.jpg,ভোলা-ল ১১-০৭১৮
972.jpg,রাজবাড়ি-হ ১১-০০২০
654.jpg,সিরাজগঞ্জ- হ ১২-১৫৪৫
400.jpg,খুলনা মেট্রো-ল ১১-৩৪১৫
512.jpg,খুলনা মেট্রো-ট ১১-১৬৩৬
321.jpg,নাটোর ল-১১-১৭৬০
20.jpg,নোয়াখালী- ঢ ০৮-০০০২
685.jpg,নাটোর-হ ১৩-১৯৭৭
36.jpg,রাজ মেট্রো- ঠ ১১-০০২৭
903.jpg,সিলেট-হ-১১-৩৩৮২
828.jpg,চট্ট মেট্রো - ল ১৪-৮০৪৩ 
1502.jpg,ঢাকা মেট্রো-গ ৩১-১২১৯৮
408.jpg,ঝালকাঠি-হ ১১-৩৭৮৭
921.jpg,ঢাকা মেট্রো ৫৩-৭৭১১
538.jpg,নওগাঁ-এ ০২-১২২২
759.jpg,নেত্রকোনা - ল ১১-০৯৩২
1063.jpg,রাজ মেট্রো-ল ১১-২৯৭৯
1200.jpg,পাবনা-ব ১১-০১৯২
246.jpg,ঢাকা মেট্রো-গ-১১-৬৫৯৪
1128.jpg,ঢাকা মেট্রো ব-১৮-৭৬৩০
785.jpg,খুলনা মেট্রো-ল. ১২-১৫০৭
490.jpg,খাগড়াছড়ি - হ ১১-৪২১৪
155.jpg,ঢাকা মেট্রো-গ ২৯-১৪৮৬
962.jpg,R METRO 4-3403
854.jpg,কুমিল্লা-হ ১৩-৫২৭৯
626.jpg,সাতক্ষীরা-ল ১২-২৮৪৩
686.jpg,রাজবাড়ী-হ ১১-৬১৪৪
570.jpg,ময়মনসিংহ-হ ১৪-৫৪৭৯
1593.jpg,ঢাকা মেট্রো-গ ৩১-৩১২০
18.jpg,সাতক্ষীরা-হ ১৬-৯৯০১
128.jpg,ঢাকা মেট্রো- ন ১৩-৯০৩২
1280.jpg,দিনাজপুর-ম ১৩-০৪৯৫
1648.jpg,চট্ট মেট্রো-১১-০০১২৫
928.jpg,মাদারীপুর ল-১১-৩৯৭১
981.jpg,মৌলভীবাজার-ল ১১-০০৭৪৮
1644.jpg,কুড়িগ্রাম-হ ১২-৪১৩৬
191.jpg,চট্ট মেট্রো-গ ১২-৬৬৭১
1140.jpg,ঢাকা-মেট্রো-চ-০১-৮৫৩
993.jpg,ঢাকা মেট্রো-গ ৩১-০০৬০
1636.jpg,কক্সবাজার- ল ১১-৫১৮৭
1607.jpg,ঢাকা মেট্রো-ব ১১-০৫৩৩
607.jpg,ঢাকা মেট্রো-চ ৫১-৭৮৫৫
181.jpg,চট্টগ্রাম-থ ১৪-৫৮৪৬
302.jpg,ঢাকা মেট্রো - ব ১৫-২৬৯২
497.jpg,নোয়াখালী ল ১১-২৮৫৮
1437.jpg,ঢাকা মেট্রো-ঘ ১৮-০৭০৯
1396.jpg,রাজ মেট্রো-ব ১১-০০৮৪
1376.jpg,চট্ট মেট্রো-ই ১৬-০৮৯৯
518.jpg,মৌলভীবাজার-হ ১১-১০৬৭
1070.jpg,রাজ মেট্রো-ল ১১-৩৭২৮
477.jpg,যশোর-হ ১৭-৭৮৩৭
158.jpg,ঢাকা মেট্রো-গ ২১-৬৫৬৩
1244.jpg,ঢাকা মেট্রো-ব ১৪-৩৯২৭
1196.jpg,ঢাকা মেট্রো-ব ১৪-৫৩০২
17.jpg,সাতক্ষীরা-হ ১৬-৯৯০১
1073.jpg,রাজ মেট্রো-ল ১২-৬৭০৫১
1651.jpg,রাজ মেট্রো-১২-
547.jpg,রাজবাড়ী-ল-১১-৩৩০১
659.jpg,রংপুর-ল ১২-০১০৩
1491.jpg,বান্দরবন-ই ১১-১১৪৬
1020.jpg,বাজ ২৮-০০৬৮
1662.jpg,চট্ট মেট্রো-গ ১২-৬৪১৭
960.jpg,কুড়িগ্রাম-ল ১১-৩২৫৬
1573.jpg,৩১-৯ ৭৩২
284.jpg,ঢাকা মেট্রো-গ ৩৯-১৪৭৩
798.jpg,কিশোরগঞ্জ-থ ১১-৩২১২
1365.jpg,ঢাকা মেট্রো-গ ৩৪-৫০৩৫৫
226.jpg,খুলনা মেট্রো-ল ১১-৫০১০
27.jpg,চট্ট মেট্রো ১১-৭১
1664.jpg,ঢাকা মেট্রো-খ ১৩-১৭৯৯
438.jpg,ঝালকাঠি-ল ১১-০৩৯৮
1630.jpg,রাজশাহী - ১৩-১২৬৭
230.jpg,খুলনা মেট্রো-চ ১১-০১৭৪
38.jpg,পিরোজপুর হ-১১-৭৬৩৫
750.jpg,যশোর - হ  ১৪-৪৭২৪
1046.jpg,"বাজ মেট্রো ল
১২-০২৮৬"
470.jpg,ঢাকা মেট্রো - ব  ১৪-৪৯১৮
1422.jpg,বাড়ি মেডিকেল ১১-০০৬১
1647.jpg,ঢাকা মেট্রো-ব ১৫-২৫৯৩
688.jpg,ঢাকা মেট্রো-ন ১৪-৪০৬৫
1539.jpg,ঢাকা মেট্রো -৪১ ৬৬৬৫
640.jpg,ঢাকা মেট্রো-চ ১৫-৯১০৮
1446.jpg,ঢাকা মেট্রো-ভ ১১-১০৮০
1219.jpg,রাজ মেট্রো-র ১১-০০৬৯
1159.jpg,রাজশাহী-ব ১১-০০০৮
1390.jpg,৩২-০৯৮৯
1301.jpg,ঢাকা মেট্রো-গ ২০-১১৫৮
1554.jpg,ঢাকা মেট্রো-গ ৩৩-৮৯৭৮
801.jpg,ঢাকা মেট্রো গ ৩১-৭৩০৭
161.jpg,খুলনা মেট্রো-হ ১৩-৬৪৬২
957.jpg,খুলনা-ল ১১-২৯১৬
1187.jpg,ঢাকা মেট্রো-ঘ-১১-৭৫৯৮
822.jpg,ঢাকা মেট্রো - গ ২৩-৮৫৬৫
1413.jpg,ঢাকা মেট্রো-গ ১২-৭৩৩৩
878.jpg,ঝিনাইদহ হ-১১-৩৭০৭
914.jpg,সিলেট-ল ১২-২৩৭৮৪
153.jpg,ঢাকা মেট্রো-স ১১-০৪২৩
1534.jpg,চট্ট মেট্রো-গ ১২-৩৬৪৫
510.jpg,কুষ্টিয়া-ব ১১-০০৩৮
1136.jpg,ঢাকা মেট্রো-ব ১৪-১৬৭৬
1251.jpg,ঢাকা মেট্রো-ঘ ২১-৪৩৮৫
1469.jpg,রাজ মেট্রো-ব ১১-০১৭৮
104.jpg,রাজ মেট্রো- ল ১১-৬৯
587.jpg,যশোর-হ ১৭-৬০৩৫
1481.jpg,খুলনা মেট্রো-গ ১১-০০৩৫
1144.jpg,বাহী-ব ১১-০০০১
54.jpg,ঢাকা মেট্রো -গ ১১-৬৫৯৪
152.jpg,ঢাকা মেট্রো-ঝ ১১-০৫৫৮
404.jpg,শেরপুর - হ ১১-৬৪৯৬
1625.jpg,রাজশাহী-ব ০৫-০০০৯
208.jpg,চট্ট মেট্রো-গ ১৩-৫৭৮৫
1582.jpg,ঢাকা মেট্রো-ভ ১১-১৫৯৬
1123.jpg,পাবনা-ব ১১-০১৮৩
1468.jpg,যশোর ল ১২-৭৮৪৩
9.jpg,বগুড়া - ট ১১-০৫৪২ 
1015.jpg,বাত মেট্রো ল ১২-৮৫৫০
1629.jpg,ঢাকা মেট্রো-ভ ১১-১৫৮৪
1061.jpg,নওয়াবগঞ্জ-ল ১১-১৩৭৬
453.jpg,কুড়িগ্রাম -হ ১১-৯২২৪ 
254.jpg,রাজ মেট্রো - ল ১১ 
1328.jpg,খাগড়াছড়ি-ল ১১-০৫৯০
897.jpg,ঢাকা মেট্রো-হ ৫৯-২৩৮০
1456.jpg,ঢাকা মেট্রো ঘ ১৭-৩২৩৩
881.jpg,কিশোরগঞ্জ-ল ১১-৫০৬১
1577.jpg,ঢাকা মেট্রো-ঝ ১২-৭৬৭৭
624.jpg,নওয়াবগঞ্জ-ল ১১-৪৯৭২
346.jpg,সুনামগঞ্জ-হ ১১-৪৫৩১
1432.jpg,যশোর-ল ১২-১০৮০
263.jpg,নোয়াখালী ল-১১-০৩৫৮
1322.jpg,ঢাকা মেট্রো-গ ২৭-৯৩৬৯
151.jpg,রাজ মেট্রো -ব ১১-০০৬৮
473.jpg,রাজ মেট্রো-ট ১১-০৩১৭
641.jpg,ঢাকা মেট্রো - গ ২৫-১৩৫২
1660.jpg,কক্সবাজার - ছ ১১-০০৯৩
1574.jpg,ঢাকা মেট্রো-গ ১১-৪৯৭৬
551.jpg,রংপুর-হ ১৪-৩২৫০
929.jpg,ঢাকা মেট্রো-গ ৩৮-৭২০১
489.jpg,টাংগাইল- হ ১৫-২০৭১
1515.jpg,বাগেরহাট-হ ১২-৩৬২২
1172.jpg,ঢাকা-চ-১১-০৪৩৭
147.jpg,ঢাকা মেট্রো-গ ১৯-০৭৫১
1612.jpg,রাজ মেট্রো-র ৪৪-০০৪৯
403.jpg,নওগাঁ-ল ১১-৪৫৩৫
955.jpg,রংপুর-ল ১১-৬৭৮৩
1569.jpg,ঢাকা মেট্রো গ ২৭-৩৮৮৭
660.jpg,ঢাকা মেট্রো-ট ১৩-০৪৩৯
1373.jpg,সিলেট-ই ১২-৪৩২৩
464.jpg,নোয়াখালী-ল ১১-০৮৮৩
1350.jpg,চট্টমেট্রো-স ১১-০৭৮৪
187.jpg,চট্ট মেট্রো-হ ১৬-৭৯৩৫
1148.jpg,ঢাকা মেট্রো-ব ১৪-৩৯১২
1225.jpg,পাবনা- ই ১৭-১৩৯২
609.jpg,পাবনা-হ ১২-৫৬৭৭
144.jpg,মানিকগঞ্জ হ ১১-২৩৫৩
752.jpg,ঢাকা মেট্রো-ন ১৬-১৩৩৯
982.jpg,চট্ট মেট্রো-গ ১২-২৯৮২
198.jpg,চট্ট মেট্রো - থ ১৩-২৫০২
884.jpg,মাদারীপুর হ-১১-০০১৩
280.jpg,ঢাকা মেট্রো-ব ১৪-৪৩৮৬
294.jpg,ব্রাহ্মণবাড়িয়া - ল ১১-৩১৪২ 
1524.jpg,ঢাকা মেট্রো -ব ১১-৫৫৭৪
401.jpg,খুলনা মেট্রো- হ ১১-৭৫৭৬ 
123.jpg,নারায়ণগঞ্জ - ছ ১১-০২৪৮
1208.jpg,ঢাকা মেট্রো- ২৪-১১৬৭৬
203.jpg,চট্ট মেট্রো-ক ১১-০৮৯৪
836.jpg,ঢাকা মেট্রো-ম ৫৪-০১৮০
247.jpg,পটুয়াখালী হ-১১-৬৭৬৭
1440.jpg,ঢাকা মেট্রো-গ ২২-০০২৭
1588.jpg,বাকৃ-১৫-৩১২০ ঢাকা মেট্রো-গ-১১-০০১১
1572.jpg,ঢাকা মেট্রো-ব ১৪-৫১০১
1154.jpg,রাজ মেট্রো-জ ০৫-০০০০
1427.jpg,ঢাকা মেট্রো গ ২১-৭৬৬১
385.jpg,খুলনা মেট্রো-ল ১২-৪২৩৪
1473.jpg,টাংগাইল ল ১২-২৩৬২
855.jpg,শরিয়তপুর - হ ১১-৫৭০৪
220.jpg,খুলনা মেট্রো-হ ১৩-৫৮৩৯
642.jpg,কিশোরগঞ্জ-ল ১১-৪৯৮৮
2.jpg,রাজশাহী-ব ১১-০০০৪ 
113.jpg,ঢাকা মেট্রো-উ ১২-১০৩৪
699.jpg,জামালপুর-ল ১১-১১৩৪
1599.jpg,দাকা মেট্রো-খ ১৩-১৭৯৯
952.jpg,হবিগঞ্জ-হ ১১-২০৮৯
1467.jpg,ঢাকা মেট্রো-গ ২০-০৬৯৭
1411.jpg,ঢাকা মেট্রো-গ ২৩-৯০০০৩
1410.jpg,রংপুর-ল ১১-২১৯২
1292.jpg,ঢাকা মেট্রো-চ-০৯৪১
1512.jpg,ঢাকা মেট্রো-গ ২১-৩৩৭৯৮
442.jpg,পটুয়াখালী-ল ১১-১১৬৫
1137.jpg,ঢাকা মেট্রো ১১-৬০১৯
1257.jpg,ঢাকা মেট্রো-গ ২৭-98882
1398.jpg,ঢাকা মেট্রো-ঘ ১৮-০৭০৯
664.jpg,ঢাকা মেট্রো-হ ৪২-৭৮২৬
1533.jpg,ঢাকা মেট্রো-গ ৩৩-৮৭৫৬
1258.jpg,ঢাকা মেট্রো-গ ২১-২১১২
1626.jpg,মেট্রো-বি ১১-৭৯৫৯
318.jpg,রাজ মেট্রো-ব ১১-০১৬৩
649.jpg,ঢাকা মেট্রো-গ ১৫-৪৫২৯
1435.jpg,ঢাকা মেট্রো-ব ১২-১৬৯৫
710.jpg,গোপালগঞ্জ-হ ১১-৫০২৫
1383.jpg,৮৯-১৫৯০
1283.jpg,রাজ মেট্রো-ল ১২-৬৯৩৫
973.jpg,ঢাকা মেট্রো-গ ১৭-২৮২৯
628.jpg,ঠাকুরগাঁও-ল ১১-১৪৮৭
633.jpg,নওয়াবগঞ্জ-ল ১১-৩০৭২
1307.jpg,চট্ট মেট্রো-গ ১২-৬৭৮৬
1401.jpg,সিলেট-ল ১২-০০৮০
1409.jpg,ঢাকা মেট্রো-ব ১১-৪১৯৩
1249.jpg,ঢাকা মেট্রো-ক ১১-৪৯১৩
1634.jpg,ঢাকা মেট্রো-১৮-৬৮৬৯
1255.jpg,ঢাকা মেট্রো-ব ১৪-৩৪৯৫
1372.jpg,ঢাকা মেট্রো-গ ৩৯-০৯৫৮
1355.jpg,ঢাকা মেট্রো - ব ১৫ - ৯০৬৭
1609.jpg,ঢাকা মেট্রো-ঘ ১৭-৪৬০৭
1544.jpg,ঢাকা মেট্রো - ৩৭-৮২০০
796.jpg,দিনাজপুর হ-১১-৭৪০০
646.jpg,মৌলভীবাজার - হ ১২-৪০৩২
1013.jpg,নেত্রকোনা- ল ১১-১১১৩
557.jpg,পটুয়াখালী-ল ১১-০৯৭৩
682.jpg,ঢাকা মেট্রো অ-১১-৬১১৯
578.jpg,সিরাজগঞ্জ- হ ১১-৫৩৪৩
1110.jpg,ঢাকা মেট্রো-ব ১৪-৩৯২৭
1267.jpg,রাজ মেট্রো-ব ৫১-০০০৫১
1184.jpg,বাকৃ-১১-০১৫৬
525.jpg,হবিগঞ্জ-হ ১১-৭১২০
1060.jpg,রাজ মেট্রো-ল ১১-৯২১৫
541.jpg,যশোর এ-০২-০৯০৭
1195.jpg,ঢাকা মেট্রো-গ ১৮-৪৫১৮
749.jpg,জয়পুর হাট হ-১১-৪৫৫৯
1547.jpg,ঢাকা মেট্রো-গ ২১-৪৭৯৮
1431.jpg,DHAKA METRO-G ১৫-০৮১৫
485.jpg,পিরোজপুর  হ-১১-৪৭৮৬
96.jpg,রাজশাহী-ব ১১-০০০১
1021.jpg,রাজবাড়ী-ল ১১
564.jpg,টাংগাইল-ল ১২-৪১২৪
1265.jpg,ঢাকা মেট্রো-ব ১৫-০৭৪৮
743.jpg,ঢাকা মেট্রো-খ ১২-৮৪৪২
864.jpg,সিরাজগঞ্জ-ল ১১-৪৪০১
1485.jpg,ঢাকা-মেট্রো-হ-১১-৯৯৮৭
892.jpg,নরসিংদী - হ  ১১-১৭৮০
1039.jpg,"চট্ট মেট্রো-ই
১৪-১৩৭৯"
207.jpg,ঢাকা মেট্রো-ব ১২-১৬৯০
393.jpg,হবিগঞ্জ-ল ১১-০৩৬৬
795.jpg,মৌলভীবাজার- হ ১২-৩৩৮৯
871.jpg,ময়মনসিংহ-ল ১১-৮০১৯
398.jpg,টাংগাইল-ল ১২-৯১০০
767.jpg,মৌলভীবাজার-হ ১১-২৮৪৪
1537.jpg,ঢাকা মেট্রো-গ ১৭-৫১২০
1242.jpg,ঢাকা মেট্রো-গ ২২-৭৩৬৮
1029.jpg,দ্র-১১ ৩৫০৫৪
643.jpg,ময়মনসিংহ-ল ১১-৬১৮৯
1579.jpg,ঢাকা মেট্রো-ল ২৯-৬১৩৭
613.jpg,ঝিনাইদহ-হ ১৩-৫১৫০
961.jpg,চট্টগ্রাম-হ ৩১-২৮৫
726.jpg,হবিগঞ্জ-হ ১১-৩৩২৩
684.jpg,চট্ট মেট্রো - ড ০২-০০০৬
99.jpg,ঢাকা মেট্রো-গ ৩৫-৮৩৪০
805.jpg,ঝিনাইদহ হ-১১-৪৪৩৪
407.jpg,ঢাকা মেট্রো-হ ৪৫-৮৮৬০
503.jpg,খুলনা-হ ১১-৫৯৯৩
1072.jpg,রাজ মেট্রো-ই ১১-৫৯৫৪
1057.jpg,RAJ METRO LA-13-0762
930.jpg,ঢাকা মেট্রো-হ ৭১-১৫২৫
780.jpg,ঢাকা মেট্রো-গ ১৮-৫০৪২
201.jpg,চট্ট মেট্রো-খ ১১-১৯৯৭
135.jpg,নারায়ণগঞ্জ-ছ ১১-০১৯৬
1052.jpg,বগুড়া-হ ১৮-৬৬২৬
41.jpg,নোয়াখালী-ল ১১-৩০৫৯
1018.jpg,পঞ্চগড়-হ ১১-৫৩২৪৮
231.jpg,কুড়িগ্রাম-ল ১১-২২৮৯
1514.jpg,ঢাকা মেট্রো-গ ২২-১৭৫৯
379.jpg,শেরপুর-ল ১১-২২১৮
289.jpg,পাবনা-ল ১২-২০২৭
419.jpg,ঢাকা মেট্রো-ন ১৩-৭৫৫৫
392.jpg,ঢাকা -ল ১১-০৫২৩
593.jpg,মানিকগঞ্জ-ল ১১-১৮৪৪
1523.jpg,Dhaka মেট্রো-য ৮৫-২০০৯
1163.jpg,ঢাকা মেট্রো ট-১২-৫৭৩৬
1087.jpg,৮-৪৮৫৩
1496.jpg,খাগড়াছড়ি- হ ১১-৩২৩৩
648.jpg,সিরাজগঞ্জ-হ ১২-১৫৪৫
1153.jpg,নকা মেট্রো র ১১-১৯৮০
1368.jpg,ঢাকা মেট্রো-ব ১১-০৪৮৬
521.jpg,ঢাকা মেট্রো - ব ১৫-১৭৪০
65.jpg,ঢাকা মেট্রো - ঘ ১৫-৭৩৫৮
15.jpg,কক্সবাজার- হ ১১-৭৮৮১
1181.jpg,পাবনা-ব ১১-০৩৮১
1065.jpg,রাজ মেট্রো-ল ১২-৩০৯৯
493.jpg,খুলনা মেট্রো-ল ১২-৪২৩৪
380.jpg,ঢাকা মেট্রো-হ ২২-৩৪৮
188.jpg,চট্ট মেট্রো-হ ১৫-৫৭৫৮
764.jpg,নওগাঁ-ল ১১-৯৪৫৩
217.jpg,লক্ষ্মীপুর - হ ১১-৩৯৮৫
792.jpg,খুলনা মেট্রো-এ ০২-০৯২৮
1077.jpg,ঢাকা মেট্রো-ব ১৪-৭৭০১
879.jpg,সুনামগঞ্জ - হ ১১-৩৬৮০
338.jpg,ঢাকা মেট্রো-ব ১৪-৪৯৩২
720.jpg,ময়মনসিংহ-ল ১১-৬৮১১
296.jpg,রাজ মেট্রো-স ১১-০০০৫
1017.jpg,ঢাকা মেট্রো-খ ১১-৩৫১৭
1276.jpg,ঢাকা মেট্রো -গ-১১-৬৫৬৮
1486.jpg,কুমিল্লা - ১০-২১১৩
456.jpg,রাজ মেট্রো-ব ১১-০১
1673.jpg,বরিশাল-হ ১৩-০১৪০
816.jpg,ঢাকা মেট্রো-হ ১৭-৭৬৭৬
270.jpg,ঢাকা মেট্রো-ব ১২-৩১৩৬
996.jpg,খুলনা মেট্রো- হ ১২-২২৭৩
202.jpg,চট্ট মেট্রো-গ ১১-৬৫২৫
162.jpg,ঢাকা মেট্রো-ব ১৫-৩০১৯
1580.jpg,ঢাকা মেট্রো-গ ১৪-৫৯২৩
730.jpg,ঢাকা মেট্রো-ন ১৭-২৫০৭
402.jpg,চট্ট মেট্রো - অ ১১-০৪১৮ 
703.jpg,রাজবাড়ী হ-১১-২৯৬৪
1501.jpg,ঢাকা মেট্রো-গ ১৯-৮৬১২
1130.jpg,মেট্রো-গ-১১-৯৮৭১
566.jpg,খুলনা মেট্রো- ঘ ০৫-০০০৪
1414.jpg,ঢাকা মেট্রো-গ-১১ ২১-১৭১২
1022.jpg,ঢাকা মেট্রো-ব ১৯-৮০৬৭
1026.jpg,ঢাকা মেট্রো-গ ১২-৩২৩৫
1412.jpg,ঢাকা মেট্রো - ৩৪-০২৪২
1586.jpg,ঢাকা মেট্রো-ভ ১১-১৫৮৭
1105.jpg,ঢাকা মেট্রো-ব ১৪৬৮১৪
206.jpg,চট্ট মেট্রো-ক ১১-০৩২৬
35.jpg,খুলনা মেট্রো- ঘ ০৫-০০০৪
776.jpg,মৌলভীবাজার-হ ১৩-০১২৯
509.jpg,ময়মনসিংহ-হ ১২-৬
1452.jpg,"মানিকগঞ্জ-ল
১১-৪২১৮"
1479.jpg,ঢাকা মেট্রো-ব ১৪-১৮৯০
1650.jpg,ঢাকা মেট্রো ব ১৪-৯৮৬৮
1391.jpg,ঢাকা মেট্রো-গ ২৫-০০৩৩৯
92.jpg,ঢাকা মেট্রো-থ ১৪-২৬০৯
1364.jpg,ঢাকা-মেট্রো-হ-১১-৫৬৪৬
898.jpg,ঠাকুরগাঁও-হ ১১-৬০৩৮
565.jpg,খুলনা মেট্রো- ঘ ০৫-০০০৪
1370.jpg,ঢাকা মেট্রো - ২০-০০৩৩
777.jpg,কিশোরগঞ্জ ল-১১-০৬৮৬ 
242.jpg,লালমনিরহাট - হ ১২-৭৮৪৬
14.jpg,খাগড়াছড়ি হ-১১-৪২৪৫ 
316.jpg,নওয়াবগঞ্জ-ল ১১-১৭৪৬
601.jpg,সাতক্ষীরা-হ
388.jpg,ভোলা-হ ১১-৩৫৮৯
1298.jpg,রাজশাহী-ই ১ ৯-১৯৫৫৫
167.jpg,চট্টগ্রাম-থ ১২-৫৯৩৫
841.jpg,চট্ট মেট্রো - ম ৫১-০২৭৪
21.jpg,ঢাকা মেট্রো-ব ১৯-৪৫৬৯
647.jpg,পাবনা-হ ১৫-৫৮৬২
1509.jpg,ঢাকা মেট্রো-গ ২২-১৭৫৯ Atlantic Trading
1155.jpg,ঢাকা মে-৪১ ১৮-৮৬০৩
1529.jpg,ঢাকা মেট্রো -ড-৫২১৭
832.jpg,রংপুর-ল ১১-৫০১১ 
1268.jpg,ঢাকা মেট্রো-গ ২২-০২২৭
1591.jpg,ঢাকা মেট্রো গ ১২-৩০৯৬
563.jpg,নোয়াখালী-ড ১১-০০৬০
1633.jpg,ঢাকা মেট্রো-গ ২৫-৫২২২
687.jpg,ঢাকা মেট্রো - ড ১১-৬৫১৭
958.jpg,রংপুর-ল ১২-১১৪০
190.jpg,চট্ট মেট্রো-ল ১৩-৯১১৪
976.jpg,ঢাকা মেট্রো-গ ২৯-৩৫৯২
700.jpg,ঢাকা মেট্রো - গ ১৮-৫০৪২
1500.jpg,ঢাকা মেট্রো - ৩৫-৯৮৪২
511.jpg,রাজ মেট্রো-ল ১১-২৬১২
1083.jpg,ঢাকা মেট্রো-ব ১২-৩৯২৭
475.jpg,মৌলভীবাজার-হ ১২-২৪৬২
1585.jpg,কুষ্টিয়া-ব ৯১-০০৩৬
857.jpg,ঢাকা মেট্রো -ড ১৪-০৫০০
748.jpg,মৌলভীবাজার - ল ১১-২৮৫১
253.jpg,ঢাকা মেট্রো ব-১৪-৭৬৯৪
22.jpg,সুনামগঞ্জ-ল-১১-০৫৮৪
1338.jpg,মৌলভীবাজার-ল ১১-১১৫৫
460.jpg,বান্দরবন- হ
1185.jpg,পাবনা-ব ১১-০১৯০
277.jpg,বগুড়া-ল ১১-৬২৩৬
956.jpg,রংপুর-ল ১১-৬৭৮৩
1216.jpg,বাফ- ঢাকা ৩৩-০০১
386.jpg,খাগড়াছড়ি - হ ১১-২৬৮৮
806.jpg,বান্দরবান হ-১১-১৬৪
1438.jpg,ঢাকা মেট্রো-গ ০৪-৫০০৩
1516.jpg,ঢাক. মেট্রো-গ ১২-৪৮৩৪
344.jpg,মানিকগঞ্জ - ল ১১-৩৫৩৬
770.jpg,রংপুর - হ ১৪-৩১৫৭
1333.jpg,ঢাকা মেট্রো-গ ২৯-৩৫৯২
131.jpg,নরসিংদী-ম ১১-০১৭৭
872.jpg,মৌলভীবাজার-হ ১১-২৮৪৪
1124.jpg,ঢাকা মেট্রো-ই-১১-২৬৯১
1397.jpg,রাজ মেট্রো- ল ১১-৪৮৮২
88.jpg,মৌলভীবাজার-ভ ০২-০১১১
1483.jpg,চট্ট মেট্রো গ ১১-১৮২৭
331.jpg,গাইবান্ধা - ল ১১-৩২৩৯
1239.jpg,ঢাকা-চ ৮৮/শে
467.jpg,ঢাকা মেট্রো-গ ৩২-৪৩৫১
122.jpg,নারায়ণগঞ্জ-থ ১১-১৮৫৪
1639.jpg,কুড়িগ্রাম-হ ১৩-১৪০১
1045.jpg,রাজশাহী-ল ১২৭৪৮৫৭
1096.jpg,ঢাকা মেট্রো-ব ১৪-৫৭৯৫
1131.jpg,ঢাকা মেট্রো-খ-১১-৬৬৬৬
1295.jpg,ঢাকা মেট্রো-গ ২০-১১৫৮
861.jpg,যশোর-হ ১৪-৫০৮২
1460.jpg,হবিগঞ্জ-হ ১১-২০৮৯
1127.jpg,ঢাকা মেট্রো-গ ৮২-৯০০৮
