filename,label
1.jpg,রাজ মেট্রো-গ ১১-০৪৩৪ 
2.jpg,রাজশাহী-ব ৯১-০০০৪ 
3.jpg,রাজ মেট্রো-ট ১১-০২০৯
4.jpg,সুনামগঞ্জ-ল ১১-০৪২৬
5.jpg,রাজ মেট্রো-হ ১৩-০৪২৬
6.jpg,রাজশাহী- ল ১১-২২৫৯
7.jpg,কক্সবাজার - ল ১১-১৯৪৫ 
8.jpg,বগুড়া - ট  ১১-০৫৪২
9.jpg,বগুড়া - ট ১১-০৫৪২ 
10.jpg,চট্ট মেট্রো ব ১১-০৭৮০ 
11.jpg,ব ১১ 
12.jpg,কক্সবাজার-হ ১১-৭৮৮১
13.jpg,ঢাকা মেট্রো- হ ৩৪-৪৩১৩ 
14.jpg,খাগড়াছড়ি হ-১১-৪২৪৫ 
15.jpg,কক্সবাজার- হ ১১-৭৮৮১
16.jpg,ঢাকা মেট্রো - গ  ৩৪-৮৫৪০ 
17.jpg,সাতক্ষীরা-হ ১৬-৯৯০১
18.jpg,সাতক্ষীরা-হ ১৬-৯৯০১
19.jpg,পিরোজপুর ট-১১-০৩৫৩
20.jpg,নোয়াখালী- ঢ ০৪-০০০২
21.jpg,ঢাকা মেট্রো ব ১৯-৪৫৬৯
22.jpg,সুনামগঞ্জ ল-১১-০৫৮৪
23.jpg,গাজীপুর-হ ১১-৬৭৩০
24.jpg,পঞ্চগড়-ল ১১-০২৪৮
25.jpg,রাজ মেট্রো- ঝ ১১-০০০৪
26.jpg,জামালপুর ল-১১-৪৯৮৪
27.jpg,চট্ট মেট্রো ১১-৭১
28.jpg,চট্ট মেট্রো-ল ১৪-৩১৪০
29.jpg,পিরোজপুর হ-১১-৭৬৩৫
30.jpg,লক্ষ্মীপুর-ল ১১-৩০৯৪
31.jpg,নোয়াখালী - হ  ১২-২৬৫৭
32.jpg,বগুড়া-ব ১১-০০৮৩
33.jpg,সিলেট-ল ১১-৪৮৭২
34.jpg,খাগড়াছড়ি হ-১১-৬০৪৩ 
35.jpg,খুলনা মেট্রো- ঘ ০৫-০০০৪
36.jpg,রাজ মেট্রো- ঠ ১১-০০২৭
37.jpg,পটুয়াখালী-হ ১২-০৯৫৫
38.jpg,পিরোজপুর হ-১১-৭৬৩৫
39.jpg,চট্ট মেট্রো-ভ ০২-১২৫৭
40.jpg,চট্ট মেট্রো-ব ১১-০৭৮০
41.jpg,নোয়াখালী-ল ১১-৩০৫৯
42.jpg,টাংগাইল-ল ১২-৩৮৬৭
43.jpg,রাজবাড়ী ল ১১-০৬০৫
44.jpg,সিরাজগঞ্জ-হ ১৩-৩৫৪৭
45.jpg,পাবনা-হ ১২-৭৩৬৪ 
46.jpg,পাবনা-হ ১২-৯৯৩৫
47.jpg,ঢাকা মেট্রো খ ১২-২৯২৯
48.jpg,রাজ মেট্রো-ল ১১-৫৬৮৪
49.jpg,ঢাকা মেট্রো-ব ১৮-৫৭৬৬
50.jpg,ঢাকা মেট্রো-গ ৩৯-২৯৯৯
51.jpg,ঢাকা মেট্রো-স ১১-০১৮৭
52.jpg,ঢাকা মেট্রো-ঝ ১১-০৭৭০
53.jpg,পটুয়াখালী হ-১১-১৯৮০
54.jpg,ঢাকা মেট্রো -গ ১১-৬৫৯৫
55.jpg,ভোলা-হ ১২-০৫৩২
56.jpg,ঢাকা মেট্রো-গ ২৩-৯৩৫৮
57.jpg,ঢাকা মেট্রো-ঘ ১৭-৩৫৯২
58.jpg,ঢাকা মেট্রো - ঘ ১১-৪৯৩৬
59.jpg,ঢাকা মেট্রো -ব ১৫-৫১১১
60.jpg,ঢাকা মেট্রো গ ৩১-২৮২২
61.jpg,ঢাকা মেট্রো-ঘ ১১-৪৭৯৩
62.jpg,ঢাকা মেট্রো-ল ১৩-৯৪৭৭
63.jpg,চট্ট মেট্রো গ ১১-৯১৯৪
64.jpg,ঢাকা মেট্রো - শ ১১-৩৬৪১ 
65.jpg,ঢাকা মেট্রো - ঘ ১৫-৭৩৫৮
66.jpg,ঢাকা মেট্রো- ঘ ১৫-৭৩৫৮
67.jpg,ঢাকা মেট্রো-ঘ ১৩-৫১৪৫
68.jpg,ঢাকা মেট্রো-ব ১৫-৪৬৬৩
69.jpg,ঢাকা মেট্রো গ ৩৫-৯৫৬৮
70.jpg,হবিগঞ্জ-হ ১১-১২৭৭
71.jpg,ঢাকা মেট্রো-গ ২৫-০৯০৯
72.jpg,ঢাকা মেট্রো-গ ৩৯-৯১৭৩
73.jpg,ঢাকা মেট্রো-গ ২৬-৫৫৬৫
74.jpg,চট্ট-মেট্রো-ঘ ১১-০৬১১
75.jpg,ঢাকা মেট্রো-খ ১১-৩৮২৬
76.jpg,ঢাকা মেট্রো-গ ১৩-০২৭০
77.jpg,ঢাকা মেট্রো-ব ১৯-০০১০
78.jpg,ঢাকা মেট্রো-গ-১১-৮৫১৮ 
79.jpg,ঢাকা মেট্রো - গ ১২-৮৫১৮
80.jpg,ময়মনসিংহ - হ ১৩-৪০২৭ 
81.jpg,ঢাকা মেট্রো গ ২৫-২০৩২
82.jpg,ঢাকা মেট্রো গ ২৫-২০৩২
83.jpg,ঢাকা মেট্রো -চ ৫৩-৪৫৪১
84.jpg,ঢাকা মেট্রো-প ৪৩-৪৩৮৮
85.jpg,ঢাকা মেট্রো-গ ২১-৮৬৩৫
86.jpg,১১-০৭৬২
87.jpg,ঢাকা মেট্রো - ব ১৪-৬৫২৪
88.jpg,মৌলভীবাজার-ভ ০২-০১১১
89.jpg,চট্ট মেট্রো-গ ১১-১৯৬৫
90.jpg,ঢাকা মেট্রো-স ১১-০২৪৫
91.jpg,শেরপুর - ল  ১১-২১২৫
92.jpg,ঢাকা মেট্রো-থ ১৪-২৬০৯
93.jpg,কক্সবাজার-ল ১১-৩১৯৫
94.jpg,দিনাজপুর-হ ১৪-৫৪১১
95.jpg,ঢাকা মেট্রো-ব ১১-৮৭৮৮
96.jpg,রাজশাহী-ব ১১-০০০১
97.jpg,দিনাজপুর-ল ১১-৭৭৫১
98.jpg,দিনাজপুর-ল ১১-৮৪৮১
99.jpg,ঢাকা মেট্রো-গ ৩৫-৮৩৪০
100.jpg,ঢাকা মেট্রো -ম ৫৫-০৫৬১ 
101.jpg,ঢাকা মেট্রো-হ ৪১-৫৫১০
102.jpg,চট্ট মেট্রো-ঠ ১১-০০৬২
103.jpg,বগুড়া-ব ১১-০০৮৩
104.jpg,রাজ মেট্রো- ল ১১-৬৯
105.jpg,ঘশোর-ল ১২-৬৯
106.jpg,ঢাকা মেট্রো-গ ২০-৪৭৭৫
107.jpg,ঢাকা মেট্রো-খ ১১-৫৯৮৪
108.jpg,ঢাকা মেট্রো-ক ১৪-০৪৮১
109.jpg,ঢাকা মেট্রো-ব ১৪-৪২৫৮
110.jpg,ঝিনাইদাহ-ই ১২-৫০৪২
111.jpg,গোপালগঞ্জ- হ ১১-৬০৭৮
112.jpg,গাজীপুর-থ ১১-৫৫১৬
113.jpg,ঢাকা মেট্রো-উ ১২-১০৩৪
114.jpg,মুন্সীগঞ্জ - থ  ১১-০৪৩০
115.jpg,নারায়ণগঞ্জ- থ  ১১-১৭৫৭
116.jpg,ঢাকা মেট্রো-গ ১৩-২৫২০
117.jpg,ঝিনাইদাহ-ট ১১-০৩৮২
118.jpg,নারায়ণগঞ্জ - থ ১১-৫১১১
119.jpg,ঢাকা মেট্রো-ব ১৩-১৮১৫
120.jpg,নারায়ণগঞ্জ-থ ১১-২১১৫
121.jpg,ঢাকা মেট্রো - গ ১৭-৩২১২
122.jpg,নারায়ণগঞ্জ-থ ১১-১৮৫৪
123.jpg,নারায়ণগঞ্জ - ছ ১১-০২৪৮
124.jpg,মুন্সীগঞ্জ - থ ১১-৬৫১৪
125.jpg,নারায়ণগঞ্জ-থ ১১-০১০১
126.jpg,ঢাকা মেট্রো - গ ১৫-৮৪১৬
127.jpg,নারায়ণগঞ্জ - থ  ১১-১০০৯
128.jpg,ঢাকা মেট্রো- ন ১৩-৯০৩২
129.jpg,ঢাকা মেট্রো-গ ৩২-১৮৩৬
130.jpg,ঢাকা মেট্রো-ব ১৪-৭৫৫৭
131.jpg,নরসিংদী-ম ১১-০১৭৭
132.jpg,নারায়ণগঞ্জ-থ ১১-২৪৩৭
133.jpg,মুন্সীগঞ্জ-ম ১১-০০২৫
134.jpg,ঢাকা মেট্রো-গ ৩১-০৮৯১
135.jpg,নারায়ণগঞ্জ-ছ ১১-০১৯১৬
136.jpg,নারায়ণগঞ্জ-থ ১১-৫৬৩৭
137.jpg,নারায়ণগঞ্জ - থ ১১-১৯৪৬
138.jpg,ঢাকা মেট্রো - ম ৫১-৭৪৬১
139.jpg,নারায়ণগঞ্জ - থ ১১-৪৩৫৭ 
140.jpg,ঢাকা মেট্রো-ব ১১-৫৩৩৫
141.jpg,যশোর-হ ১৬-৪২৫২
142.jpg,নারায়ণগঞ্জ-ছ ১১-০১৯৬
143.jpg,ঢাকা মেট্রো-থ ১১-৩৫১৩
144.jpg,মানিকগঞ্জ হ ১১-২৩৫৩
145.jpg,নারায়ণগঞ্জ ড ০২-০১৮৭
146.jpg,ঢাকা মেট্রো-গ ২৫-৫২২২
147.jpg,ঢাকা মেট্রো-গ ১৯-০৭৫১
148.jpg,ঢাকা মেট্রো-গ ৩৫-৯৯৮৩
149.jpg,ঢাকা মেট্রো-গ ৩৪-৫২৮৬
150.jpg,ঢাকা মেট্রো-ছ ৭১-২৭৫৭
151.jpg,ঢাকা মেট্রো -ব ১১-০০৬৮
152.jpg,ঢাকা মেট্রো-ঝ ১১-০৫৫৮
153.jpg,ঢাকা মেট্রো-স ১১-০৪২৩
154.jpg,ঢাকা মেট্রো-ঘ ১১-০০৮৫
155.jpg,ঢাকা মেট্রো-গ ২৯-১৪৮৬
156.jpg,পুলিশ নওগাঁ ল-১৩-৫৭৮৭
157.jpg,ঢাকা মেট্রো-খ ১৩-৩৫৭৬
158.jpg,ঢাকা মেট্রো-গ ২১-৬৫৬৩
159.jpg,ঢাকা মেট্রো-খ ১৩-১০৯৬
160.jpg,ঢাকা মেট্রো-ল ৩৩-৯০১২
161.jpg,খুলনা মেট্রো-হ ১৩-৬৪৬২
162.jpg,ঢাকা মেট্রো-ব ১৫-৩০১৯
163.jpg,চট্টগ্রাম-থ ১৪-১৯৬৯
164.jpg,চট্টগ্রাম-থ ১২-৩৩৫১
165.jpg,চট্টগ্রাম-থ ১৪-১৮৭৭
166.jpg,চট্টগ্রাম - থ ১২-৩৬৬১
167.jpg,চট্টগ্রাম-থ ১২-৫৯৩৫
168.jpg,ভোলা-হ ১২-০৫৩২
169.jpg,চট্ট মেট্রো-হ ১৭-৯৭৭২
170.jpg,চট্ট মেট্রো - ড ১১-২১৮৯ 
171.jpg,চট্ট মেট্রো প-১২২৯
172.jpg,চট্ট মেট্রো- প ০৫-০৩৩৬
173.jpg,ঢাকা মেট্রো-ব ১৪-০৬৪২
174.jpg,চট্ট মেট্রো-অ ১১-০৩২৯
175.jpg,চট্টগ্রাম মেট্রো - হ ১১-০০৬৯
176.jpg,চট্টগ্রাম-থ ১৪-৬৩৩৭
177.jpg,চট্ট মেট্রো - হ ৭১-০১৮৪
178.jpg,চট্ট মেট্রো-প ০৫-০২৮৩
179.jpg,চট্ট মেট্রো-অ ১১-০৩২৯
180.jpg,পিরোজপুর-হ ১১-৭৬৩৫
181.jpg,চট্টগ্রাম-থ ১৪-৫৮৪৬
182.jpg,চট্টগ্রাম - ঘ ১২-৪৪৭৪
183.jpg,চট্টগ্রাম - খ ১৩-৭০৩০
184.jpg,ঢাকা মেট্রো-ব ১১-৫৫৩৫
185.jpg,চট্টগ্রাম - থ ১৪-৭৯৬১
186.jpg,চট্টগ্রাম - ব ১৪-১১১৩ 
187.jpg,চট্ট মেট্রো-হ ১৬-৭৯৩৫
188.jpg,চট্ট মেট্রো-হ ১৫-৫৭৫৮
189.jpg,চট্ট মেট্রো-ল ১৬-৪২৩১
190.jpg,চট্ট মেট্রো-ল ১৩-৯১১৪
191.jpg,চট্ট মেট্রো-গ ১২-৬৬৭১
192.jpg,যশোর-হ ১৩-৯
193.jpg,চট্ট মেট্রো-থ ১৩-৩২১৩
194.jpg,চট্ট মেট্রো - প ০৫-৮৮০ 
195.jpg,চট্ট মেট্রো - ঢ ৮১-৪৫০৫
196.jpg,ঢাকা মেট্রো-ব ১৪-৭৩৪৮
197.jpg,চট্ট মেট্রো-দ ১১-০৪৬০
198.jpg,চট্ট মেট্রো - থ ১৩-২৫০২
199.jpg,চট্ট মেট্রো - থ ১২-৪৭৫৭
200.jpg,চট্ট মেট্রো - ঠ ১১-০৪৭১
201.jpg,চট্ট মেট্রো-খ ১১-১৯৯৭
202.jpg,চট্ট মেট্রো-গ ১১-৬৫২৫
203.jpg,চট্ট মেট্রো-ক ১১-০৮৯৪
204.jpg,চট্ট মেট্রো-ক ১১-০৮৯৪
205.jpg,খুলনা মেট্রো-হ ১৩-৫১৮০
206.jpg,চট্ট মেট্রো-ক ১১-০৩২৬
207.jpg,ঢাকা মেট্রো-ব ১২-১৬৯০
208.jpg,চট্ট মেট্রো-গ ১৩-৫৭৮৫
209.jpg,চট্ট মেট্রো-গ ১৩-৯৩৩২
210.jpg,খুলনা মেট্রো-থ ১১-০৬৫২
211.jpg,খুলনা মেট্রো-ল ১২-২৯৬০
212.jpg,খুলনা মেট্রো- থ ১১-০৬৫২
213.jpg,খুলনা মেট্রো-ন ১১-১৭৩০
214.jpg,ঢাকা মেট্রো-ড ১১-৬২৮১
215.jpg,খুলনা মেট্রো-চ ৫১-০২১৩
216.jpg,ঢাকা মেট্রো-গ ২৮-৮৯২৬
217.jpg,লক্ষ্মীপুর - হ ১১-৩৯৮৫
218.jpg,কুষ্টিয়া-ব ১১-০০৩৭
219.jpg,টাংগাইল-হ ১৫-১০৮৮
220.jpg,খুলনা মেট্রো-হ ১৩-৫৮৩৯
221.jpg,চট্ট মেট্রো-গ ১৩-২১০৭
222.jpg,কে এম পি ২০
223.jpg,খুলনা মেট্রো-ন ১১-০৮৩০
224.jpg,খুলনা মেট্রো ল ১২-২০৮৭
225.jpg,খুলনা মেট্রো হ-১১-৯৩৯২
226.jpg,খুলনা মেট্রো-ল ১১-৫০১০
227.jpg,খুলনা মেট্রো-ঠ ১১-০১৪৫
228.jpg,ঢাকা মেট্রো-ট ১৬-৭৯৭৪
229.jpg,ঢাকা মেট্রো-ব ১৪-৬০৫১
230.jpg,খুলনা মেট্রো-চ ১১-০১৭৪
231.jpg,কুড়িগ্রাম-ল ১১-২২৮৯
232.jpg,ঢাকা মেট্রো - ঠ  ১৩-০৬৪৬
233.jpg,সাতক্ষীরা - হ  ১৭-৪০১৫
234.jpg,খুলনা মেট্রো-হ ১২-৬০৫৯
235.jpg,ঢাকা মেট্রো-ঝ ১২-০০৮৫
236.jpg,খুলনা মেট্রো-ঠ ১৩-১৪২৬
237.jpg,সিরাজগঞ্জ-ল ১১-৫৭৮১
238.jpg,রাজ মেট্রো- ঘ ১১-০০৭১
239.jpg,লালমনিরহাট - ল ১১-১৮২০
240.jpg,রাজ মেট্রো ঢ-০৮-০০০২
241.jpg,লালমনিরহাট - হ ১২-৮৩৭১
242.jpg,লালমনিরহাট - হ ১২-৭৮৪৬
243.jpg,লালমনিরহাট - হ ১২-৫৪৭৮
244.jpg,ঢাকা মেট্রো-গ ১৩-৩৪৯৫
245.jpg,নারায়ণগঞ্জ-ল ১১-০৪১৬
246.jpg,ঢাকা মেট্রো-গ-১১-৬৫৯৪
247.jpg,পটুয়াখালী হ-১১-৬৭৬৭
248.jpg,ঢাকা মেট্রো-চ ১১-২৭২৯
249.jpg,ঢাকা মেট্রো-ব ১৪-৪৪৩৫
250.jpg,ঢাকা মেট্রো-গ ২৭-৭৪১৫
251.jpg,নোয়াখালী -ল ১১-৩৬২৬
252.jpg,খুলনা মেট্রো হ-১১-১৯২৮
253.jpg,ঢাকা মেট্রো ব-১৪-৭৬৯৪
254.jpg,রাজ মেট্রো - ল ১১ 
255.jpg,রাজবাড়ী-হ ১২-৫৩৭১
256.jpg,কুড়িগ্রাম-হ ১১-৩১৭১
257.jpg,নাটোর-ল ১১-৫৭৩৯
258.jpg,নীলফামারী-হ ১৩-৪৪০
259.jpg,খুলনা মেট্রো-জ ০৪-০০১৫
260.jpg,ময়মনসিংহ-হ ১৪-৮৩৪০
261.jpg,মৌলভীবাজার -হ ১২-৭৪৪১
262.jpg,লক্ষীপুর - ল ১২-১৯১৪
263.jpg,নোয়াখালী ল-১১-০৩৫৮
264.jpg,ময়মনসিংহ-ল
265.jpg,দিনাজপুর-ল ১২-০৮৫৭
266.jpg,ঢাকা মেট্রো-ল ২১-৩৫৪৬
267.jpg,হবিগঞ্জ-হ ১১-৪৯৩৩
268.jpg,বরিশাল জ ১১-২৫২৬
269.jpg,পটুয়াখালী- হ ১১-৮৫৯৯
270.jpg,ঢাকা মেট্রো-ব ১২-৩১৩৬
271.jpg,চট্ট মেট্রো-ল ৪৪-৫১৬০
272.jpg,রাজ মেট্রো-ব ১১-০১৪০
273.jpg,ঢাকা মেট্রো-গ ১৫-৩৭৫০
274.jpg,ঢাকা মেট্রো - খ ১২-৫৬৩৫
275.jpg,ঢাকা মেট্রো-ল ২১-৩৫৪৬
276.jpg,হবিগঞ্জ র ১১-৩৩২৩
277.jpg,বগুড়া-ল ১১-৬২৩৬
278.jpg,পিরোজপুর-ল ১১-১৫৬১
279.jpg,পিরোজপুর-হ ১১-৭৬৩৫
280.jpg,ঢাকা মেট্রো-ব ১৪-৪৩৮৬
281.jpg,কিশোরগঞ্জ-ল ১১-৪১১৯
282.jpg,ঝিনাইদাহ - ট  ১১-১১৭৮
283.jpg,নওগাঁ - ল ১২-০৩৮৩ 
284.jpg,ঢাকা মেট্রো-গ ৩৯-১৪৭৩
285.jpg,কুড়িগ্রাম-হ ১৩-৬১১৬
286.jpg,ঢাকা মেট্রো-হ ১৩-৩০৮৫
287.jpg,যশোর-হ ১৪-২৪৩৩
288.jpg,পঞ্চগড়-হ ১১-৯৫৫৭
289.jpg,পাবনা-ল ১২-২০২৭
290.jpg,ভোলা হ-১২-০৭৫৪
291.jpg,ঢাকা মেট্রো-ব ১৫-৩০৩২
292.jpg,কুড়িগ্রাম -হ ১১-২৭৭৭ 
293.jpg,ঢাকা মেট্রো-হ ৪৩-৬১৪৯
294.jpg,ব্রাহ্মণবাড়িয়া - ল ১১-৩১৪২ 
295.jpg,শেরপুর-ল ১১-২৩৫৭
296.jpg,রাজ মেট্রো স-১১.০০০
297.jpg,ঢাকা মেট্রো-হ-৩৬-২৭০৫
298.jpg,বরিশাল-হ ১৩-২৬৮৩
299.jpg,খাগড়াছড়ি - হ ১১-৩৭৭৫
300.jpg,পঞ্চগড়-লি ১১-১০২২
301.jpg,বরিশাল মেট্রো- হ ১২-৪০৪৪
302.jpg,ঢাকা মেট্রো - ব ১৫-২৬৯২
303.jpg,বরিশাল মেট্রো - হ ১২-৪৩১০
304.jpg,সিরাজগঞ্জ-হ ১৩-৩৫৭৬
305.jpg,ময়মনসিংহ -হ -১১-১৬০৮
306.jpg,মানিকগঞ্জ - হ ১২-০৪০৯
307.jpg,কক্সবাজার -ল ১১-১৮৪০
308.jpg,বরিশাল মেট্রো হ-১২-৪৩১০
309.jpg,রাজ মেট্রো-ল ১১-৪৪৯৯
310.jpg,শেরপুর-ল ১১-০৭০৭
311.jpg,রাজ মেট্রো - ন ১১-০১০৮
312.jpg,ঝালকাঠি হ-১১-৪৪৩৯
313.jpg,বরিশাল মেট্রো হ ১১-৪৯৬৬
314.jpg,নবাবগঞ্জ-হ ১১-০২০১
315.jpg,সুনামগঞ্জ-ল ১১-০৫১৭
316.jpg,নওয়াবগঞ্জ-ল ১১-১৭৪৬
317.jpg,যশোর-হ ১৮-৪০৭০
318.jpg,রাজ মেট্রো-ব ১১-০১৬৩
319.jpg,নোয়াখালী-হ ১১-১১৭৪
320.jpg,ঢাকা মেট্রো-ব ১১-১৩৮০
321.jpg,নাটোর ল-১১-১৭৬০
322.jpg,পটুয়াখালী-ল ১১-১৮১৩
323.jpg,বাগেরহাট-হ ১২-০৩২১
324.jpg,ঢাকা মেট্রো  হ-৪৭-০৫৬৫
325.jpg,ঢাকা-চ ৫১-০০৩৩
326.jpg,লক্ষ্মীপুর-ল ১১-৪৫২৯
327.jpg,বরগুনা-ল ১১-০৭২৬
328.jpg,ঢাকা মেট্রো-ব ১১-৬৬৯৬
329.jpg,বরগুনা হ-১১২৬৬
330.jpg,খুলনা মেট্রো-হ ১৩-০১৩৯
331.jpg,গাইবান্ধা - ল ১১-৩২৩৯
332.jpg,ঢাকা মেট্রো-হ ২৪-৬০৫৮
333.jpg,ঢাকা মেট্রো-ট ২০-২৬৪২
334.jpg,নাটোর-ল ১১-১৮৫১
335.jpg,ঢাকা মেট্রো-ঘ ১৮-৮৫৩৫
336.jpg,নাটোর-হ ১২-৭৩৯৪
337.jpg,নাটোর-ল ১১-১৮৫১
338.jpg,ঢাকা মেট্রো-ব ১৪-৪৯৩২
339.jpg,সাতক্ষীরা-হ-১২-৩২৮১
340.jpg,ফেনী-ল ১১-৭০০৯
341.jpg,পটুয়াখালী - ল ১১-০৭৪৩
342.jpg,নাটোর-ল ১১-৬২৯৩
343.jpg,সাতক্ষীরা -এ ১১-৩০৫৯
344.jpg,মানিকগঞ্জ - ল ১১-৩৫৩৬
345.jpg,খুলনা-হ ১৩-৩৬৭৪
346.jpg,সুনামগঞ্জ-হ ১১-৪৫৩১
347.jpg,রাজ মেট্রো-ল ১১-৩০৯০
348.jpg,ঢাকা মেট্রো-ব ১৫-৫৮৩৩
349.jpg,ঢাকা মেট্রো-ঘ ১৮-৮৫৩৫
350.jpg,মাগুুরা - ল ১১-৩৪৯৯৮ 
351.jpg,হবিগঞ্জ-হ ১১-৫৫৩৬
352.jpg,চুয়াডাংগা-ল ১-৪৬৪৯
353.jpg,লক্ষ্মীপুর-ল ১১-২০৭৮
354.jpg,গোপালগঞ্জ- হ ১১-৫২৬২
355.jpg,গোপালগঞ্জ- হ ১১-৫২৬২
356.jpg,নওগাঁ-ল ১২-০০২২
357.jpg,নরসিংদী - হ ১১-০৯৫১
358.jpg,ঢাকা মেট্রো-ব ১৫-১৪৮৭
359.jpg,রাজ্য মেট্রো- হ ১২-৩৪৯৭
360.jpg,কুড়িগ্রাম-হ ১৩-৬১৮৯
361.jpg,জামালপুর- ল ১১-০৮২২
362.jpg,ঢাকা মেট্রো-ট ১৬-৪১২৬
363.jpg,রাজ মেট্রো- ল ১১-৮৩৩৭
364.jpg,রাজ মেট্রো-ল ১১-৮৩৩৭
365.jpg,খাগড়াছড়ি. হ ১১-৩৩৬১
366.jpg,খাগড়াছড়ি- হ ১১-৪৯২৭
367.jpg,ঢাকা মেট্রো ট-১৬-৫৮০৮
368.jpg,চট্ট মেট্রো-ন ১১-০৪৪৯
369.jpg,ঢাকা মেট্রো-ব ১৪-১৪৭০
370.jpg,জামালপুর-হ ১২-৭৯২০
371.jpg,কক্সবাজার-ল ১১-১৮৪০
372.jpg,পটুয়াখালী-ল ১১-২২১২
373.jpg,ঢাকা মেট্রো-ঝ ১১-১২০০
374.jpg,পঞ্চগড়-ল ১১-১৪০৩
375.jpg,ময়মনসিংহ - হ ১৩-১১৩৩
376.jpg,ঢাকা মেট্রো ড-১৪-১৩৮৬
377.jpg,রাজ মেট্রো- ল ১১-৪৪৯৯
378.jpg,ঢাকা মেট্রো-ব ১৪-৫৫৫১
379.jpg,শেরপুর-ল ১১-২২১৮
380.jpg,ঢাকা মেট্রো-হ ২২-৩৪৮
381.jpg,পটুয়াখালী-ল ১১-০৪৬২
382.jpg,ঢাকা মেট্রো -শ-১৪-০২১২
383.jpg,বরিশাল - ল ১১-৩৩২৮
384.jpg,যশোর - হ ১৪-৬৭৩০ 
385.jpg,খুলনা মেট্রো-ল ১২-৪২৩৪
386.jpg,খাগড়াছড়ি - হ ১১-২৬৮৮
387.jpg,খাগড়াছড়ি-ল ১১-০৮১৮
388.jpg,ভোলা-হ ১১-৩৫৮৯
389.jpg,ঢাকা মেট্রো-ব ১৪-৫৮২৫
390.jpg,নীলফামারী-ল ১১-২৫৬৭
391.jpg,কিশোরগঞ্জ হ- ১২- ১৩৫৫
392.jpg,চট্ট মেট্রো-ল ১১-০৫২৩
393.jpg,হবিগঞ্জ-ল ১১-০৩৬৬
394.jpg,ঢাকা মেট্রো - খ ১২-২৯২৯
395.jpg,চট্ট মেট্রো - অ ১১-০৪১৮ 
396.jpg,লক্ষ্মীপুর-ল ১১-৩২৫২
397.jpg,খুলনা মেট্রো ন ১১-০৬৩৫
398.jpg,টাংগাইল-ল ১২-৯১০০
399.jpg,ঢাকা মেট্রো-ব ১৪-৫৩২৭ 
400.jpg,খুলনা মেট্রো-ল ১১-৩৪১৫
401.jpg,খুলনা মেট্রো-ল ১১-৭৫৭৬ 
402.jpg,চট্ট মেট্রো - অ ১১-০৪১৮ 
403.jpg,নওগাঁ-ল ১১-৪৫৩৫
404.jpg,শেরপুর - হ ১১-৬৪৯৬
405.jpg,নওয়াবগঞ্জ-ল ১১-৩২২৫
406.jpg,ভোলা-হ ১১-৭৩৫৪ 
407.jpg,ঢাকা মেট্রো-হ ৪৫-৮৮৬০
408.jpg,ঝালকাঠি-হ ১১-৩৭৮৭
409.jpg,ঢাকা মেট্রো-ব ১১-৩৬৬৫
410.jpg,লক্ষীপুর - ল ১১-৪১৬৮
411.jpg,ঝালকাঠি-হ ১১-৩৭৮৭
412.jpg,রংপুর-হ ১৪-৪৯২৪
413.jpg,নওয়াবগঞ্জ-ল ১১-১৮৪৭
414.jpg,খাগড়াছড়ি হ-১১-০২৯৯
415.jpg,বরিশাল - হ ১২-৩৯৪১
416.jpg,সিরাজগঞ্জ-হ ১১-৭৬৯৪
417.jpg,পটুয়াখালী-ল ১১-১২০৫
418.jpg,পটুয়াখালী-ল ১১-১২০৫
419.jpg,ঢাকা মেট্রো-গ ১৩-৭৫৫৫
420.jpg,ঢাকা মেট্রো - ব ১১-১৮৫৩ 
421.jpg,নওয়াবগঞ্জ-ল ১১-৪৫৭৩
422.jpg,খুলনা মেট্রো - হ ১১-১৭৩৭
423.jpg,রাজশাহী-ল ১১-২৭৫২
424.jpg,খাগড়াছড়ি- হ
425.jpg,পাবনা - অ  ১১-৩৯০১
426.jpg,নোয়াখালী-হ ১২-২১৩৮
427.jpg,পাবনা - অ  ১১-৩৯০১
428.jpg,পাবনা - অ  ১১-৩৯০১
429.jpg,ঢাকা মেট্রো-ব ১২-৩৬৯৪
430.jpg,ঢাকা মেট্রো-হ ৩৬-০২৬৮
431.jpg,খুলনা মেট্রো এ-০২-০১৭৮
432.jpg,কিশোরগঞ্জ - ল ১১-১১০২
433.jpg,মৌলভী বাজার হ-১১-৭৭৯৬
434.jpg,ভোলা-ল ১১-১৩৭০
435.jpg,ঢাকা মেট্রো-ভ ১৪-০০৪২
436.jpg,মৌলভী বাজার হ-১১-৭৭৯৬
437.jpg,কিশোরগঞ্জ - ল ১১-১২০২
438.jpg,ঝালকাঠি-ল ১১-০৩৯৮
439.jpg,পঞ্চগড় - হ ১১-৬১৮৭
440.jpg,ঢাকা মেট্রো -ব ১১-৬৩৬০
441.jpg,পঞ্চগড় - হ ১১-৮১৮৭
442.jpg,পটুয়াখালী-ল ১১-১১৬৫
443.jpg,সাতক্ষীরা-হ ১৬-৯৪৩৭
444.jpg,রাজ মেট্রো- ল ১১-৩০০২
445.jpg,কুড়িগ্রাম হ-১১-৭৭৫৪
446.jpg,মানিকগঞ্জ - হ ১২-৫২৬২
447.jpg,বরিশাল মেট্রো-হ ১২-৪৩১০
448.jpg,কুড়িগ্রাম হ-১১-৭৭৫৪
449.jpg,হবিগঞ্জ-হ ১১-৪২২৫
450.jpg,ময়মনসিংহ-হ ১৩-৪৩৫২
451.jpg,পাবনা-ব ১১-০১৮৫
452.jpg,বরিশাল মেট্রো হ-১২-৪৩১০
453.jpg,কুড়িগ্রাম -হ ১১-৯২২৪ 
454.jpg,নেত্রকোনা- হ ১১-৯৩২৮
455.jpg,গোপালগঞ্জ-ল ১১-৩৭৭২
456.jpg,রাজ মেট্রো-ব ১১-০১
457.jpg,নোয়াখালী- ল ১১-১৮৬৫
458.jpg,মৌলভীবাজার থ- ১২-৮০৫৪
459.jpg,সিরাজগঞ্জ-ল ১১-৭৪৩৩
460.jpg,বান্দরবন- হ
461.jpg,ঢাকা মেট্রো-ব ১৫-৮৮৫৫
462.jpg,বগুড়া-ল ১১-৮৩২৫
463.jpg,শরিয়তপুর-ল ১১-৩২০১
464.jpg,নোয়াখালী-ল ১১-০৮৮৩
465.jpg,রাজ মেট্রো-এ ১১-০৫৮৪
466.jpg,খাগড়াছড়ি- ল ১১-০৫৯১
467.jpg,ঢাকা মেট্রো-গ ৩২-৪৩৫১
468.jpg,ভোলা-ল ১১-০৭১৮
469.jpg,ঢাকা মেট্রো-ন ১১-৩৪৯২
470.jpg,ঢাকা মেট্রো - ব  ১৪-৪৯১৮
471.jpg,ভোলা-ল ১১-০৭১৮
472.jpg,ঢাকা মেট্রো-ভ ১১-১৫৯৬
473.jpg,রাজ মেট্রো-ট ১১-০৩১৭
474.jpg,সাতক্ষীরা-ল ১২-২২৩৯
475.jpg,মৌলভীবাজার-হ ১২-২৪৬২
476.jpg,রাজ মেট্রো-ল
477.jpg,যশোর-হ ১৭-৭৮৩৭
478.jpg,ঢাকা মেট্রো-ড ১১-২৬৭৪
479.jpg,নাটোর-হ ১২-৯৫৪১
480.jpg,ঢাকা মেট্রো-গ ১৪-৩০৮৭
481.jpg,পাবনা - হ ১৫-৩৪৩০ 
482.jpg,কক্সবাজার-হ ১১-৭৯০৫
483.jpg,ঢাকা মেট্রো - ১১-৬৩০৬
484.jpg,ঢাকা মেট্রো ল-২১-৫৮৮২ 
485.jpg,পিরোজপুর  হ-১১-৪৭৮৬
486.jpg,লক্ষ্মীপুর-হ ১২-০৬১৭
487.jpg,বরিশাল- হ ১২-৩৯৪১
488.jpg,নীলফামারী - ল ১২-২০৮৫
489.jpg,টাংগাইল- হ ১৫-২০৭১
490.jpg,খাগড়াছড়ি - হ ১১-৪২১৪
491.jpg,ঢাকা মেট্রো-ব-১১-৫৯০১ 
492.jpg,ঢাকা মেট্রো -হ ৩১-৫৩৩০ 
493.jpg,খুলনা মেট্রো-ল ১২-৪২৩৪
494.jpg,গোপালগঞ্জ-ল ১১-০২১৩
495.jpg,ঢাকা মেট্রো ট ২০-৪৫২৮
496.jpg,বরিশাল মেট্রো-হ ১২-৩৫৮২
497.jpg,নোয়াখালী ল ১১-২৮৫৮
498.jpg,ঢাকা মেট্রো-গ ৩৩-৬১২৮
499.jpg,খুলনা মেট্রো-ট ১১-১৬৩৬
500.jpg,ঢাকা মেট্রো-ব ১৫-৮৮৫৫
501.jpg,খাগড়াছড়ি হ ১১-৫৩০৯
502.jpg,সাতক্ষীরা-ল ১২-৩৬১৮
503.jpg,খুলনা-হ ১১-৫৯৯৩
504.jpg,কুমিল্লা-ল ১১-২৩৮৯
505.jpg,নোয়াখালী-ল ১১-১৯৮৫
506.jpg,শরপুর-হ ১১-৯৪০৮
507.jpg,ফরিদপুর-হ ১২-৭২৮৮
508.jpg,ঢাকা মেট্রো-ব ১২-০৯২৪
509.jpg,ময়মনসিংহ-হ ১২-৬
510.jpg,কুষ্টিয়া-ব ১১-০০৩৮
511.jpg,রাজ মেট্রো-ল ১১-২৬১২
512.jpg,খুলনা মেট্রো-ট ১১-১৬৩৬
513.jpg,খুলনা মেট্রো- ল ১২-৪৩০৬
514.jpg,নওগাঁ ল-১১-২১৭৭
515.jpg,ঢাকা মেট্রো ল ২৩-৩৪১৫
516.jpg,সাতক্ষীরা -ল ১১-৮২৬৫ 
517.jpg,ভোলা-ল ১১-০১৮৩
518.jpg,মৌলভীবাজার-হ ১১-১০৬৭
519.jpg,ঠাকুরগাঁও-ল ১১-৪৫৬২
520.jpg,খুলনা-হ ১১-৫৯৯৩
521.jpg,ঢাকা মেট্রো - ব ১৫-১৭৪০
522.jpg,বরিশাল মেট্রো-হ ১২-৪৪২২
523.jpg,ঢাকা মেট্রো-গ ১৫-৩৭৫০
524.jpg,ঢাকা মেট্রো-গ ৩৩-৬১২৮
525.jpg,হবিগঞ্জ-হ ১১-৭১২০
526.jpg,শেরপুর-ল ১১-২৭৮৯
527.jpg,ময়মনসিংহ ল ১১-৫৩৯৭
528.jpg,ঢাকা মেট্রো-হ ৩৯-৫৩৪৩ 
529.jpg,বরগুনা হ-১১-৪৫০১
530.jpg,ঢাকা মেট্রো-ব ১১-৪২৪৩
531.jpg,বরগুনা হ-১১-৪৫০১
532.jpg,পিরোজপুর-ল ১১-১০৩৬
533.jpg,নওগাঁ-ল ১১-৬০০৩
534.jpg,ঠাকুরগাঁও-হ ১৩-০২৪৪
535.jpg,নওগাঁ-ল ১১-৬০০৩
536.jpg,গোপালগঞ্জ-হ ১১-৩৬৩৭
537.jpg,খুলনা মেট্রো- হ ১৩-১৮২০
538.jpg,নওগাঁ-এ ০২-১২২২
539.jpg,ঢাকা মেট্রো-ব ১১-০৫৩৫
540.jpg,ঢাকা মেট্রো-ট ১৩-০৪৩১
541.jpg,যশোর এ-০২-০৯০৭
542.jpg,মাগুরা-ল ১১-২৯৫১
543.jpg,ঢাকা মেট্রো-ন  ১৭-৮৬২৪
544.jpg,পাবনা-হ ১৫-৫৮৬২
545.jpg,সিরাজগঞ্জ-ল ১১-৭৪
546.jpg,সিরাজগঞ্জ-ল ১১-৫৩৪৮
547.jpg,রাজবাড়ী-ল-১১-৩৩০১
548.jpg,রাজশাহী-ব ০৫-০০০৮
549.jpg,সাতক্ষীরা-ল ১২-৫৪১৮
550.jpg,নওগা-ল ১১-৪১৯৩
551.jpg,রংপুর-হ ১৪-৩২৫০
552.jpg,ময়মনসিংহ- হ ১৪-৫৪৭৯
553.jpg,ময়মনসিংহ- হ ১৪-৫৪৭৯
554.jpg,ঢাকা মেট্রো-ড ১২-০১১০
555.jpg,ভোলা - ল ১১-০৩৬
556.jpg,ভোলা - ল ১১-০৭৯৯ 
557.jpg,পটুয়াখালী-ল ১১-০৯৭৩
558.jpg,লক্ষ্মীপুর-ল ১১-৩৭৩৪
559.jpg,ঢাকা মেট্রো-ড ১৪-৫২৮৮
560.jpg,ঢাকা মেট্রো-গ ৩২-১৯৬৭
561.jpg,হবিগঞ্জ-ল
562.jpg,ময়মনসিংহ- হ ১৪-২৯৯৭
563.jpg,নোয়াখালী-ড ১১-০০৬০
564.jpg,টাংগাইল-ল ১২-৪১২৪
565.jpg,খুলনা মেট্রো- ঘ ০৫-০০০৪
566.jpg,খুলনা মেট্রো- ঘ ০৫-০০০৪
567.jpg,সিরাজগঞ্জ-ল ১১-৬২৪৯
568.jpg,ঢাকা মেট্রো - হ ১৮-৫৩৩৬ 
569.jpg,ঢাকা মেট্রো-ব ১২-৪৬০৫
570.jpg,ময়মনসিংহ-হ ১৪-৫৪৭৯
571.jpg,ঢাকা মেট্রো-ট ১১-৬৩০৬
572.jpg,নরসিংদী - ন  ১১-০১৮৫
573.jpg,ঝিনাইদহ-হ ১৩-২৬৭১
574.jpg,সাতক্ষীরা-ল ১২-২৯৮২
575.jpg,বরিশাল মেট্রো - ল ১১-২৫৪২
576.jpg,বরগুনা-হ ১১-৯১৪৪
577.jpg,কক্সবাজার - ল
578.jpg,সিরাজগঞ্জ- হ ১১-৫৩৪৩
579.jpg,পাবনা-ব ১১-০০৩৪
580.jpg,যশোর-হ ১৭-৬০৩৫
581.jpg,কক্সবাজার - ল
582.jpg,ঢাকা মেট্রো - ঘ ১১-০৫৪৭
583.jpg,নীলফামারী-ল ১১-২৯৪৮
584.jpg,সিরাজগঞ্জ - হ ১২-১৮৫৬
585.jpg,ঝিনাইদাহ-ল ১১-২৪০১
586.jpg,ঢাকা মেট্রো-ল ২১-৯৮১৮
587.jpg,যশোর-হ ১৭-৬০৩৫
588.jpg,কিশোরগঞ্জ- ল ১১-৪৫৯০
589.jpg,পটুয়াখালী - ল ১১-০৬১৪ 
590.jpg,ভোলা-ল ১১-০৩৪৫
591.jpg,ঢাকা মেট্রো -ঘ ১১-২৮১৭
592.jpg,গাইবান্ধা-ল ১১-০৯০৭
593.jpg,মানিকগঞ্জ-ল ১১-১৮৪৪
594.jpg,সুনামগঞ্জ-হ ১১
595.jpg,পাবনা- ল ১১-১৬৭১
596.jpg,যশোর-ল ১২-৩২০১
597.jpg,পাবনা-ব ১১-০০৩৪
598.jpg,পিরোজপুর-ল ১১-১৯১৬
599.jpg,শেরপুর-ল ১১-২৮২০
600.jpg,ঠাকুরগাঁও - হ ১২-৬২৮৪
601.jpg,সাতক্ষীরা-হ
602.jpg,ঢাকা মেট্রো ১১-১৪২৩
603.jpg,পিরোজপুর-ল ১১-১৯১৬
604.jpg,সিরাজগঞ্জ-ন ১১-০০২৮
605.jpg,ঝিনাইদহ - ল ১১-২৪৫৬
606.jpg,যশোর-ল ১৩-৪৯৮৬
607.jpg,ঢাকা মেট্রো-চ ৫১-৭৮৫৫
608.jpg,জামালপুর ল-১১-৪০৬৩
609.jpg,পাবনা-হ ১২-৫৬৭৭
610.jpg,রংপুর-হ ১৪-২৪৪৬
611.jpg,কক্সবাজার-ল ১১-৭১৬৩
612.jpg,রাজ মেট্রো- ল ১১-৪৪৯৯
613.jpg,ঝিনাইদহ হ ১৩-৫১৫০
614.jpg,টাংগাইল-ল ১২-৪২৬৭ 
615.jpg,পটুয়াখালী হ-১১-৯৮০৭
616.jpg,নেত্রকোনা-হ ১১-৮৫২০
617.jpg,ঝালকাঠি হ-১১-২৭৫১
618.jpg,খুলনা মেট্রো-ট ১১-১৯৪৫
619.jpg,রাজশাহী-হ ১১-৫২৬৫
620.jpg,হবিগঞ্জ-হ ১১-৪১০৭
621.jpg,সিরাজগঞ্জ-হ ১২-১৫৪৫
622.jpg,যশোর-ল ১২-৩৮৪৬
623.jpg,নওগাঁ-হ ১৫-৪৫০৩
624.jpg,নওয়াবগঞ্জ-ল ১১-৪৯৭২
625.jpg,সাতক্ষীরা-ল ১১-৫৩৭১
626.jpg,সাতক্ষীরা-ল ১২-২৮৪৩
627.jpg,রংপুর-ল ১২-১৫৩৮
628.jpg,ঠাকুরগাঁও-ল ১১-১৪৮৭
629.jpg,রাজ্ড মেট্রো ট ১১-০২৩৪
630.jpg,গোপালগঞ্জ-ল ১১-৩৪৭১ 
631.jpg,ঝিনাইদাহ-হ ১২-৪৪৬৩
632.jpg,নওয়াবগঞ্জ-ল ১১-১৯৭৪
633.jpg,নওয়াবগঞ্জ-ল ১১-৩০৭২
634.jpg,নওগাঁ-হ ১৬-৯৩৯৬
635.jpg,কিশোরগঞ্জ-হ ১১-৫৮৭৩
636.jpg,রাজ মেট্রো-ল ১১-৫৬৯২
637.jpg,ঢাকা মেট্রো-গ ১৯-৮৬১২
638.jpg,ঠাকুরগাঁও-ল ১১-১৪১৭
639.jpg,ঝালকাঠি-হ ১১-৪৭৫৯
640.jpg,ঢাকা মেট্রো-চ ১৫-৯১০৮
641.jpg,ঢাকা মেট্রো - গ ২৫-১৩৫২
642.jpg,কিশোরগঞ্জ-ল ১১-৪৯৮৮
643.jpg,ময়মনসিংহ-ল ১১-৬১৮৯
644.jpg,পটুয়াখালী-হ ১১-৪৭৫০
645.jpg,সিরাজগঞ্জ ল-১১-০০২৬
646.jpg,মৌলভীবাজার - হ ১২-৪০৩২
647.jpg,পাবনা-হ ১৫-৫৮৬২
648.jpg,সিরাজগঞ্জ-হ ১২-১৫৪৫
649.jpg,ঢাকা মেট্রো-গ ১৫-৪৫২৯
650.jpg,ঢাকা মেট্রো-চ ১৫-৯১০৮
651.jpg,মানিকগঞ্জ-ল ১১-১৩৭৫
652.jpg,পটুয়াখালী- হ  ১১-৪৭৫০
653.jpg,বগুড়া-ল ১১-০৫৭৩
654.jpg,সিরাজগঞ্জ- হ ১২-১৫৪৫
655.jpg,শেরপুর-ল ১১-২৫৫৪
656.jpg,রংপুর-হ ১৫-৭৩২৭
657.jpg,ঢাকা মেট্রো-গ ৩১-৯৯৭৪
658.jpg,গোপালগঞ্জ-ল ১১-৩৪৭১
659.jpg,রংপুর-ল ১২-০১০৩
660.jpg,ঢাকা মেট্রো-ট ১৩-০৪৩৯
661.jpg,DHAKA METRO-TA 14-1461 
662.jpg,পটুয়াখালী-হ ১১-৬৩০০
663.jpg,সিরাজগঞ্জ- হ ১১-৫৩৪৩
664.jpg,ঢাকা মেট্রো-হ ৪২-৭৮২৬
665.jpg,কক্সবাজার-ল ১১-৫০৮১ 
666.jpg,পিরোজপুর-ল ১১-১৩৮৯
667.jpg,ঢাকা মেট্রো-ল ৩৭-১২৫১
668.jpg,জামালপুর-ল ১১-১১৩৪
669.jpg,সিলেট মেট্রো - ল ১১-১৮২৪
670.jpg,ঢাকা মেট্রো-গ ৩১-৯৯৭৮
671.jpg,চট্ট মেট্রো-অ ১১-০২৩২
672.jpg,ঢাকা মেট্রো - চ ৫৩-৩২২৫
673.jpg,শরীয়তপুর-ল ১১-৪৮৫৭
674.jpg,চাঁদপুর-হ ১১-৮০৩৩
675.jpg,ঢাকা মেট্রো-হ ৪১-৪৭৩৭
676.jpg,ময়মনসিংহ-ল ১১-৮৬৭৮
677.jpg,পিরোজপুর- ল ১১-১৩২৭
678.jpg,ঢাকা মেট্রো-ড ১১-৩৯৮০
679.jpg,মৌলভীবাজার - ল ১১-১৭৩৯
680.jpg,কিশোরগঞ্জ-হ ১২-৭১৬৫
681.jpg,কিশোরগঞ্জ-হ ১২-৭১৬৫
682.jpg,ঢাকা মেট্রো অ-১১-৬১১৯
683.jpg,লক্ষ্মীপুর-হ ১২-০৯৭২
684.jpg,চট্ট মেট্রো - ড ০২-০০০৬
685.jpg,নাটোর-হ ১৩-১৯৭৭
686.jpg,রাজবাড়ী-হ ১১-৬১৪৪
687.jpg,ঢাকা মেট্রো - ড ১১-৬৫১৭
688.jpg,ঢাকা মেট্রো-ন ১৪-৪০৬৫
689.jpg,মৌলভীবাজার - ল ১১-১৭৩৯
690.jpg,ঢাকা মেট্রো-হ ৪২-৮১২৮
691.jpg,চট্ট মেট্রো - ক  ১১-০২৪৫ 
692.jpg,ঢাকা মেট্রো-ট ২০-৩৮৫৭
693.jpg,লক্ষীপুর - হ ১১-২৯৫০
694.jpg,নাটোর হ-১১-০৭৮৫
695.jpg,ঢাকা মেট্রো-ভ ১১-১১৯৭
696.jpg,ঢাকা মেট্রো-ল ২১-০৩৭৫
697.jpg,চট্ট মেট্রো-ম ৫১-১০৩২
698.jpg,মাদারীপুর - হ ১১-৭৫৪৫
699.jpg,জামালপুর-ল ১১-১১৩৪
700.jpg,ঢাকা মেট্রো - গ ১৮-৫০৪২
701.jpg,ঢাকা মেট্রো - গ ৫৯-৩২৮৯
702.jpg,নোয়াখালী - হ ১১-৫৭০৭
703.jpg,রাজবাড়ী হ-১১-২৯৬৪
704.jpg,নোয়াখালী ল-১১-২৩০১
705.jpg,ঢাকা মেট্রো-ল ৪৪-৬৪৪৮
706.jpg,ঢাকা মেট্রো-ল ৩১-৫০২০
707.jpg,ঢাকা মেট্রো-ড ১১-৩৯৮০
708.jpg,নাটোর-হ ১৩-৬৪৫৬
709.jpg,গোপালগঞ্জ-হ ১১-৫০২৫
710.jpg,গোপালগঞ্জ-হ ১১-৫০২৫
711.jpg,ঢাকা মেট্রো-ড ১১-১৮৬০
712.jpg,সিরাজগঞ্জ-ল ১১-৬১৬১
713.jpg,ঢাকা মেট্রো-ব ১৫-৪৮০৭
714.jpg,ময়মনসিংহ - ল ১৩-১৮২৬
715.jpg,নাটোর-ল ১১-৫৪৮২
716.jpg,মানিকগঞ্জ- হ ১১-৮৯৮২
717.jpg,ঝালকাঠি ল ১১-০৪৩১
718.jpg,ঝালকাঠি ল ১১-০৪৩১
719.jpg,ঢাকা মেট্রো-ট ২০-৫০১৬
720.jpg,ময়মনসিংহ-ল ১১-৬৮১১
721.jpg,ঢাকা মেট্রো-ন ১৩-৫৩০৩
722.jpg,ঢাকা মেট্রো - হ ৪৫-৫৬৮১
723.jpg,ব্রাক্ষণবাড়িয়া-ল ১১-২০৮১
724.jpg,সিরাজগঞ্জ-ল ১১-৪৭৪০
725.jpg,চট্ট মেট্রো-গ ১২-৮৪১০
726.jpg,হাবিগঞ্জ-হ ১১-৩৩২৩
727.jpg,ঢাকা মেট্রো-খ ১২-২৯২৯
728.jpg,ভোলা - ল ১১-০৪৯০ 
729.jpg,রাজ মেট্রো-ন ১১-০০৯৬
730.jpg,ঢাকা মেট্রো-ন ১৭-২৫০৭
731.jpg,মানিকগঞ্জ-হ ১১-০৫৮৬
732.jpg,ব্রাক্ষণবাড়িয়া-ল ১১-২০৮১
733.jpg,কক্সবাজার-ল ১১-৭০৩৪
734.jpg,নাটোর-ল ১১-৬২৭৬
735.jpg,ঢাকা মেট্রো-গ ৩১-১৫২৪
736.jpg,বিনাইদই ল-১১-৫০৮২
737.jpg,ময়মনসিংহ-ল ১১-৫৭৭৪
738.jpg,বরিশাল হ-১১-৩৪০৭
739.jpg,সুনামগঞ্জ-হ ১১-৫৯৮৪
740.jpg,ঢাকা মেট্রো-চ ১৫-৪৭০২
741.jpg,হবিগঞ্জ-হ ১১-৮৯৭৬
742.jpg,ঢাকা মেট্রো-ট ১৫-১৪১৬
743.jpg,ঢাকা মেট্রো-খ ১২-৮৪৪২
744.jpg,নড়াইল-ল ১১-০৫৪২ 
745.jpg,ঢাকা মেট্রো-ভ ১১-১৪২৩
746.jpg,চুয়াডাঙ্গা হ-১৩-২৬৩৭
747.jpg,পাবনা-ল ১২-০৯২৫
748.jpg,মৌলভীবাজার - ল ১১-২৮৫১
749.jpg,জয়পুর হাট হ-১১-৪৫৫১
750.jpg,খশোর-ই ১৪-৪৭২৪
751.jpg,ভোলা - ল ১১-০২২৬
752.jpg,ঢাকা মেট্রো-ন ১৬-১৩৩৯
753.jpg,ঢাকা মেট্রো-ম ৫৪-০১৮০
754.jpg,ঢাকা মেট্রো-গ ২৫-০২৮৭
755.jpg,হবিগঞ্জ-হ ১১-৩৯৪৭
756.jpg,রাজ মেট্রো-ল ১১-৬৬৫৬
757.jpg,ঢাকা মেট্রো-ভ ১১-১৮৯১
758.jpg,ভোলা-ল ১১-০৭৪৫
759.jpg,নেত্রকোনা - ল ১১-০৯৩২
760.jpg,ঢাকা মেট্রো-গ ৩১-৮৪৩৫
761.jpg,ঢাকা মেট্রো - ন ১১-৩৭০০
762.jpg,নোয়াখালী-ল ১১-৪০৩২
763.jpg,পাবনা-ন ১১-০২৬৫
764.jpg,নওগাঁ-ল ১১-৯৪৫৩
765.jpg,ঢাকা মেট্রো - গ ১৭-২০৬৬
766.jpg,ঢাকা মেট্রো-ন ১৩-৪৪২৪ 
767.jpg,মৌলভীবাজার-হ ১১-২৮৪৪
768.jpg,গোপালগঞ্জ- হ ১১-৭৮৯৩
769.jpg,রংপুর - হ ১৬-২৬৪২
770.jpg,রংপুর - হ ১৪-৩১৫৭
771.jpg,ঢাকা মেট্রো-১৫-৫১৪৬
772.jpg,পাবনা - ন ১১-০২৬৫ 
773.jpg,নওয়াবগঞ্জ-হ ১১-৫৩৬৭
774.jpg,ময়মনসিংহ হ-১১-২৮৯৪
775.jpg,খুলনা মেট্রো-ল ১২-৭২৪৯
776.jpg,মৌলভীবাজার-হ ১৩-০১২৯
777.jpg,কিশোরগঞ্জ ল-১১-০৬৮৬ 
778.jpg,ঢাকা মেট্রো -হ ৪৬-৫২১৫
779.jpg,সাতক্ষীরা-হ ১৪-৩৩৮৫
780.jpg,ঢাকা মেট্রো-গ ১৮-৫০৪২
781.jpg,ঢাকা মেট্রো-গ ২২-২৮২৯
782.jpg,ঠাকুরগাঁও-ল ১১-৪০৮৩
783.jpg,রাঙ্গামাটি-ল ১১-০৫৬০
784.jpg,খশোর-হ ১৩-৪২০২
785.jpg,খুলনা মেট্রো-ল. ১২-১৫০৭
786.jpg,ঢাকা মেট্রো-গ ২৩-৫৩৫২
787.jpg,নওগাঁ-ল ১১-৭৪০৬
788.jpg,বরিশাল-ল ১১-১৮০২
789.jpg,কিশোরগঞ্জ - থ ১১-৩২১২ 
790.jpg,শরিয়তপুর - ল ১১-৫৪৪৩ 
791.jpg,ঢাকা মেট্রো - গ ২৫-০৩৩৯ 
792.jpg,খুলনা মেট্রো-এ ০২-০৯২৮
793.jpg,ঢাকা মেট্রো-গ ২২-২৮২৯
794.jpg,ঢাকা মেট্রো-ঘ ১৭-০৮০২
795.jpg,মৌলভীবাজার- হ ১২-৩৩৮৯
796.jpg,দিনাজপুর ১১-৭৪০০
797.jpg,মানিকগঞ্জ - ল ১১-০৫৫৫
798.jpg,কিশোরগঞ্জ-খ ১১-৩৩১২
799.jpg,কিশোরগঞ্জ-হ ১২-৪০২৮
800.jpg,কিশোরগঞ্জ-হ ১২-৪০২৮
801.jpg,ঢাকা মেট্রো গ ৩১-৭৩০৭
802.jpg,পাবনা-হ ১৩-২৭২০ 
803.jpg,খুলনা মেট্রো হ-১২-৩৫৭৯ 
804.jpg,হবিগঞ্জ-ল ১১-২০৩৪
805.jpg,ঝিনাইদহ হ-১১-৪৪৩৪
806.jpg,বান্দরবান হ-১১-১৬৪
807.jpg,কুড়িগ্রাম-হ ১৩-৬৭৭৭
808.jpg,রংপুর-ল ১১-৪৭৪১ 
809.jpg,বরিশাল-ল ১১-৬৫৭৪
810.jpg,রাঙ্গামাটি-হ ১১-১৪৪২
811.jpg,নীলফামারী - হ ১৩-১৬৩৩
812.jpg,ঢাকা মেট্রো-গ ৩৪-৬৫২৮
813.jpg,ঢাকা মেট্রো-হ ৫১-৮৮৯১
814.jpg,ঢাকা মেট্রো-গ ১৭-২১৬৪
815.jpg,ঢাকা মেট্রো-গ ১৫-১৭০২
816.jpg,ঢাকা মেট্রো-হ ১৭-৭৬৭৬
817.jpg,হবিগঞ্জ - ল ১১-২০৩৪
818.jpg,রাজ মেট্রো-ল ১১-৭০২৬
819.jpg,খুলনা- ল ১১-৮০৭৯
820.jpg,ঢাকা মেট্রো - গ ২৯-৮২৮৪
821.jpg,যশোর  হ-১১-১৯৩৬
822.jpg,ঢাকা মেট্রো - গ ২৩-৮৫৬৫
823.jpg,খুলনা মেট্রো ল-১১-৯১৮৪
824.jpg,ঢাকা মেট্রো-ব ১৫-৬৬২৬
825.jpg,ঝিনাইদহ - হ ১৫-২৯৪৬
826.jpg,জামালপুর-ল ১১-১৬১৪
827.jpg,পিরোজপুর-ল ১১-০৩১৪
828.jpg,চট্ট মেট্রো - ল ১৪-৮০৪৩ 
829.jpg,ময়মনসিংহ-ল ১২-০৭৩৮
830.jpg,নরসিংদী-হ ১২-২৯৭৩
831.jpg,গাইবান্ধা-হ ১২-৪২১১
832.jpg,রংপুর-ল ১১-৫০১১ 
833.jpg,ঢাকা মেট্রো - ছ ৭১-২৮৬৬
834.jpg,নোয়াখালী-ল ১১-০১৮৫
835.jpg,রাজ মেট্রো-ব ১১-০১৭০
836.jpg,ঢাকা মেট্রো-ম ৫৪-০১৮০
837.jpg,নওয়াবগঞ্জ-ল ১১-২৬৫০
838.jpg,কুড়িগ্রাম-হ ১২-০০০৫
839.jpg,ঢাকা মেট্রো-গ ২১-১০৭৬
840.jpg,জামালপুর-ল ১১-১০৮৩
841.jpg,চট্ট মেট্রো - ম ৫১-০২৭৪
842.jpg,ঢাকা মেট্রো ১২-০৮২৬
843.jpg,রাজ মেট্রো-চ ১১-০০২৪
844.jpg,কক্সবাজার-ল ১১-৬২৮৫
845.jpg,বংপুর-জ ১১-৬০৬৯
846.jpg,খাগড়াছড়ি-ল ১১-০৫৯০
847.jpg,কুমিল্লা-ল ১২-৩৬৪৪
848.jpg,রংপুর-হ ১৭-১৭৫৮
849.jpg,বংপুর-ম ১১-৫০১১
850.jpg,D.M-TA 22-7887
851.jpg,ঢাকা মেট্রো-ল ৩৬-৬৬৩৭ 
852.jpg,ঢাকা মেট্রো-ল ৩৬-০০৬৫
853.jpg,নওয়াবগঞ্জ-হ ১৪-৮১১৮
854.jpg,কুমিল্লা-হ ১৩-৫২৭৯
855.jpg,শরিয়তপুর - হ ১১-৫৭০৪
856.jpg,ঢাকা মেট্রো-ল ৩৯-৮১২২
857.jpg,ঢাকা মেট্রো -ড ১৪-০৫০০
858.jpg,ঢাকা মেট্রো-গ ১২-৯৫১৪
859.jpg,কিশোরগঞ্জ-ল ১১-৫০৬১
860.jpg,যশোর-হ ১৪-৫০৮২
861.jpg,যশোর-হ ১৪-৫০৮২
862.jpg,বরিশাল মেট্রো ল-১১-৭৩৬৫
863.jpg,ঢাকা মেট্রো - হ ১১-৯৪০৮
864.jpg,সিরাজগঞ্জ-ল ১১-৪৪০১
865.jpg,গাইবান্ধা-ল ১১-৩৪১০
866.jpg,শরিয়তপুর-ল ১১-৫০৬০
867.jpg,মৌলভীবাজার - হ ১২-৪৪৫৩
868.jpg,ঢাকা মেট্রো-গ ১২-৯৫১৪
869.jpg,সুনামগঞ্জ- হ ১১-২১৩২
870.jpg,চট্ট মেট্রো-ট ১১-৬৮৬৩
871.jpg,ময়মনসিংহ-ল ১১-৮০১৯
872.jpg,মৌলভীবাজার-হ ১১-২৮৪৪
873.jpg,ঢাকা মেট্রো-ঘ ১৫-৪৯৪৩
874.jpg,যশোর-হ ১৩-১৩২১
875.jpg,ঢাকা মেট্রো-ল ৩২-২২৫২
876.jpg,ঢাকা মেট্রো-ল ১১-৮০০৩
877.jpg,চট্ট মেট্রো-ঘ ১১-২৬২৪
878.jpg,ঝিনাইদহ হ-১১-৩৭০৭
879.jpg,সুনামগঞ্জ - হ ১১-৩৬৮০
880.jpg,টাংগাইল-ল ১২-৮৯২৮
881.jpg,কিশোরগঞ্জ-ল ১১-৫০৬১
882.jpg,ঢাকা মেট্রো - ল  ১৩-০৫২৩
883.jpg,মাদারীপুর হ-১১-০০১৩
884.jpg,মাদারীপুর হ-১১-০০১৩
885.jpg,ঠাকুরগাঁও-হ ১২-৬৬৮২
886.jpg,ভোলা এ-১৪২
887.jpg,ময়মনসিংহ-হ ১২-৪৩৫৫
888.jpg,নড়াইল ল-১১
889.jpg,নাটোর - হ ১১-৯১১৩
890.jpg,কিশোরগঞ্জ-ল ১১-১৭৪৭
891.jpg,ভোলা-ল ১১-০৯১৪
892.jpg,নরসিংদী - হ  ১১-১৭৮০
893.jpg,মাদারীপুর-ল ১১-৩৪৪১
894.jpg,বরিশাল মেট্রো- ল ১১-৬৮৮৬
895.jpg,ঢাকা মেট্রো-খ ১২-৭৪০৪ 
896.jpg,ঢাকা মেট্রো-ল ২৩-৯৪৪২ 
897.jpg,ঢাকা মেট্রো-হ ৫৯-২৩৮০
898.jpg,ঠাকুরগাঁও-হ ১১-৬০৩৮
899.jpg,বরিশাল মেট্রো ল-১১-০৭৯১
900.jpg,জামালপুর-হ ১২-৮৩৪৫
901.jpg,কিশোরগঞ্জ-ল ১১-৫০৬১
902.jpg,কিশোরগঞ্জ-ল ১১-৫০৬১
903.jpg,সিলেট-হ-১১-৩৩৮২
904.jpg,দিনাজপুর-ল ১১-৩৪৫৩
905.jpg,ঢাকা মেট্রো-হ ৪১-২৯০৪
906.jpg,চাকা মেট্রো-ন ২১-৫৯৪৮
907.jpg,মৌলভীবাজার হ-১১-১৪৯০
908.jpg,গোপালগঞ্জ-হ ১১-৬৭৯৫
909.jpg,সিলেট মেট্রো - ল ১১-১৮৩৬
910.jpg,ঢাকা-মেট্রো-ল ১৩-২৬৭১
911.jpg,ঢাকা মেট্রো-ল ৩৫-৭০৫৮
912.jpg,মৌলভীবাজার-ব ১২-৫৮৫৭
913.jpg,রাজবাড়ী- ল ১১-২৯৩৩
914.jpg,সিলেট-ল ১২-২৩৮৪
915.jpg,নরসিংদী-হ ১১-৫১৪৩
916.jpg,জামালপুর-হ ১১-৩০২০
917.jpg,রাজ মেট্রো-চ ৫১-০০০৫৬
918.jpg,ঢাকা মেট্রো-ঘ ১৫-০২৫১
919.jpg,ঢাকা মেট্রো-ঝ ১১-১২৭৯
920.jpg,ঢাকা মেট্রো-ঝ ১১-০৯৮০
921.jpg,ঢাকা মেট্রো-গ ১৩-৯৯১৯
922.jpg,ঢাকা মেট্রো-ল ৩৯-৪৪৮৮
923.jpg,খুলনা মেট্রো-ল ১২-৩৫৪৬
924.jpg,খুলনা মেট্রো-ল ১২-৩৫৪৬
925.jpg,কক্সবাজার-ল ১১-৫৭৬৩
926.jpg,হবিগঞ্জ-ল ১১-১৯৮১
927.jpg,মাদারীপুর ল-১১-৩৯৭১
928.jpg,মাদারীপুর ল-১১-৩৯৭১
929.jpg,ঢাকা মেট্রো-গ ৩৪-৭২০১
930.jpg,ঢাকা মেট্রো-ছ ৭১-১৫২৫
931.jpg,রাজশাহী-হ ১৮-৩৫৫৯
932.jpg,কুড়িগ্রাম-হ ২-০০০৫
933.jpg,যশোর-ল ১১-৮২৯৫
934.jpg,পটুয়াখালী-ল ১১-০৬৫৫
935.jpg,মৌলভীবাজার-হ ১১-২৮৪৪
936.jpg,ঠাকুরগাঁও- হ ১২-০১৩৬
937.jpg,চট্ট মেট্রো-ক ০২-২৬৪০
938.jpg,মৌলভীবাজার- হ ১১-৭৮০০
939.jpg,কক্সবাজার-ল ১১-৫৬৮৫
940.jpg,সিলেট মেট্রো - ল ১১-১৮৩৬
941.jpg,ঢাকা মেট্রো-ঝ ১১-০৯৭৬
942.jpg,মানিকগঞ্জ-হ ১২-৫৪৪৩
943.jpg,পিরোজপুর-ল ১১-০৩৭৬
944.jpg,যশোর ট ১১-৪১২৮
945.jpg,পিরোজপুর-হ ১১-৯২৮৭
946.jpg,নবাবগঞ্জ-হ ১১-০২০১
947.jpg,রাজ মেট্রো-ল ১২-২৩২০
948.jpg,মৌলভীবাজার - হ ১২-৭৮০০
949.jpg,ঢাকা মেট্রো-ঘ ১৭-১০৫৭
950.jpg,রাঙ্গামাটি-ল ১১-০৭৬৩
951.jpg,চুয়াডাঙ্গা-ল ১১-২৪২০
952.jpg,হবিগঞ্জ-হ ১১-২০৮৯
953.jpg,ঢাকা মেট্রো খ ১২-৪১৭৬
954.jpg,রাজ মেট্রো- হ ১৩-৫৫৩৭
955.jpg,রংপুর-ল ১১-৬৭৪৩
956.jpg,রংপুর-ল ১১-৬৭৪৩
957.jpg,খুলনা-ল ১১-২৯১৬
958.jpg,রংপুর-ল ১২-১১৪৫
959.jpg,চট্ট মেট্রো-গ ১২-২৯৮২
960.jpg,কুড়িগ্রাম-ল ১১-৩২৫৬
961.jpg,দিনাজপুর-ল ১১-৫২৪১
962.jpg,RAJ METRO HA-14-3403
963.jpg,ঢাকা মেট্রো-গ ২২-৭০০৭
964.jpg,ঢাকা মেট্রো-ক ১১-১১২১
965.jpg,লক্ষ্মীপুর-ল ১১-৪৮২৯
966.jpg,শরিয়তপুর-ল ১১-৮৪৭৯
967.jpg,গোপালগঞ্জ- ল ১১-২৫২২
968.jpg,ঢাকা মেট্রো-গ ৩৯-৮১০১
969.jpg,ঢাকা মেট্রো-গ ১৭-৯৫৫৭
970.jpg,ঢাকা মেট্রো-গ ১৭-৬৩৬২
971.jpg,ঢাকা মেট্রো-গ ১১-৫২৮৪
972.jpg,রাজবাড়ি-হ ১১-০০২০
973.jpg,ঢাকা মেট্রো-গ ১৭-২৪২৭
974.jpg,ঢাকা মেট্রো-ভ ১১-১৯৮১
975.jpg,ময়মনসিংহ-ল ১১-৬০৮৯
976.jpg,ঢাকা মেট্রো-গ ২৯-৩৫৯২
977.jpg,পাবনা-হ ১৫-৬৩৬৬
978.jpg,ঢাকা মেট্রো-গ ১১-২১৯২
979.jpg,ভোলা-ল ১১-০৫৪৭
980.jpg,ঢাকা মেট্রো-গ ৩৩-৭০১৯
981.jpg,মৌলভীবাজার-ল ১১-০৩৭৪
982.jpg,চট্ট মেট্রো-গ ১২-২৯৮২
983.jpg,ঢাকা মেট্রো-গ ১৩-৪৩৮৩
984.jpg,খুলনা মেট্রো-ল ১১-৫২৫৯
985.jpg,ঢাকা মেট্রো-ঘ ১৫-৫২৭৬
986.jpg,ঢাকা মেট্রো-ঘ ১৮-৫০৩১
987.jpg,ঢাকা মেট্রো-গ ৩৯-৮১০১
988.jpg,শরিয়তপুর-হ ১১-৪২৭২
989.jpg,হবিগঞ্জ-হ ১১-২১৪১
990.jpg,ঢাকা মেট্রো-ঝ ১১-০৫৪০
991.jpg,গাইবান্ধা-ল ১১-৩৮৭১
992.jpg,রাজ মেট্রো-ল ১১-২৭৬২
993.jpg,ঢাকা মেট্রো-গ ৩১-০০৮০
994.jpg,ঢাকা মেট্রো-ঝ ১১-১২১৬
995.jpg,ঢাকা মেট্রো-ল ২৫-৫১৮৫
996.jpg,খুলনা মেট্রো- হ ১২-২২৭৩
997.jpg,ঢাকা মেট্রো-ঘ ১৮-৫০৩১
998.jpg,ঢাকা মেট্রো-ছ ৭১-১৫২৫
999.jpg,রাজশাহী- হ ১৮-২৭২৯
1000.jpg,ঢাকা মেট্রো-ঘ ১৫-৪৯৪৩
1001.jpg,চুয়াডাঙ্গা-ল ১১-১৫৩৭
1002.jpg,চট্টমেট্রো-হ ১৩-৪৮৪৮
1003.jpg,ঢাকা মেট্রো-গ ১৭-৪১১৯
1004.jpg,রংপুর-ল ১১-২৯১০
1005.jpg,টাংগাইল-হ ১৫-৫৩১৭
1006.jpg,রাজ মেট্রো ড ১১-০০০৬
1007.jpg,ঢাকা মেট্রো-গ ২৯-৯২৯৯
1008.jpg,ঢাকা মেট্রো গ ১৭-৬২৯৯
1009.jpg,নেত্রকোনা- ল ১১-১১১৩
1010.jpg,লালমনিরহাট-ল ৩৩-১৩৩০
1011.jpg,বাজ-মেট্রো-ল ১১-৩১৫
1012.jpg,চট্ট মেট্রো-গ ১৩-৩৫৫১
1013.jpg,নেত্রকোনা- ল ১১-১১১৩
1014.jpg,ঢাকা মেট্রো-গ ৩৫-৯৮৫২
1015.jpg,রাজ মেট্রো-ল ১২-৪৬১০
1016.jpg,ঢাকা মেট্রো-গ ২২-৭৭১৫
1017.jpg,ঢাকা মেট্রো-গ ১১-৩৫১৭
1018.jpg,পঞ্চগড়-হ ১১-৫৩২৪
1019.jpg,ঢাকা মেট্রো-গ ৩১-০০৮০
1020.jpg,রাজ মেট্রো-হ ১৪-০৫৮৪
1021.jpg,রাজবাড়ী-ল ১১
1022.jpg,ঢাকা মেট্রো-চ ১৯-৪০৬৭
1023.jpg,ঢাকা মেট্রো-ঘ ১৮-৫০৩১
1024.jpg,রাঙ্গামাটি-ল ১১-০৫৬০
1025.jpg,মাগুড়া-ল ১১-১৬৬০
1026.jpg,ঢাকা মেট্রো-গ ১২-৩২৩৫
1027.jpg,জামালপুর-হ ১২-৪৬০১
1028.jpg,১৩-৬৮৩৪
1029.jpg,রাজ মেট্রো-ল ১১-৩১৫৫
1030.jpg,নাটোর-ল ১১-৭০৪৪
1031.jpg,খুলনা মেট্রো ল-১১-০৯৪২
1032.jpg,যশোর-ল ১৩-৩৭৭৭
1033.jpg,ঢাকা মেট্রো-হ ৫০-৬৪৩২
1034.jpg,ঢাকা মেট্রো-চ ১৬-২৭৭৭
1035.jpg,ঢাকা মেট্রো-গ ১৪-৯১৪১
1036.jpg,ঢাকা মেট্রো-ঘ ১৭-২৭৫০
1037.jpg,নাটোর ল-১১-৬৪৫৯
1038.jpg,ঢাকা মেট্রো-গ ২৯-৩৫৯২
1039.jpg,চট্ট মেট্রো-হ ১৪-১৩৭৯
1040.jpg,ঢাকা মেট্রো-ঘ ১৮-৭৫৯৩
1041.jpg,সিলেট-হ ১৪-৭৮৯৩
1042.jpg,রাজ মেট্রো-হ ১২-৩৬৫৩
1043.jpg,বরগুনা-ল ১১-০৩৭৭
1044.jpg,ঢাকা মেট্রো-ভ ১১-১৯৮১
1045.jpg,রাজশাহী-ল ১২-৪৮৮৭
1046.jpg,রাজ মেট্রো-ল ১২-০২৪৬
1047.jpg,ঢাকা মেট্রো-ট ১৮-৬৪২২
1048.jpg,রাজ মেট্রো-ল ১২-৬৬৪৩
1049.jpg,টাংগাইল-গ ১১-০০১৫
1050.jpg,রাজ মেট্রো-গ ১১-০৩০৪
1051.jpg,রাজশাহী-হ ১৩-১৮০৩
1052.jpg,বগুড়া-হ ১৮-৬৬২৮
1053.jpg,নওয়াবগঞ্জ-হ ১৩-২২৯৩
1054.jpg,ঢাকা মেট্রো-ল ৫৮-২৩১২
1055.jpg,রাজশাহী-হ ১৫-৩৮০৮
1056.jpg,খুলনা মেট্রো-উ ১১-০১৪১
1057.jpg,RAJ METRO LA-13-0762
1058.jpg,রাজশাহী-হ ১৬-৭১৯১
1059.jpg,রাজ মেট্রো-ল ১১-৫২৭৭
1060.jpg,রাজ মেট্রো-ল ১১-৯২১৫
1061.jpg,নওয়াবগঞ্জ-ল ১১-১৩৭৬
1062.jpg,রাজ মেট্রো-ল ১২-৪৭৭০
1063.jpg,রাজ মেট্রো-ল ১১-২৯৭৯
1064.jpg,রাজশাহী-হ ১৮-৪০৯৯
1065.jpg,রাজ মেট্রো-ল ১২-৩০৯৯
1066.jpg,রাজ মেট্রো-হ ১৩-০০৪০
1067.jpg,রাজশাহী-হ ১২-০৭৯৭
1068.jpg,রাজশাহী - ল ১৩-৫১৩২
1069.jpg,রাজ মেট্রো-ল ১২-১৯৯৭
1070.jpg,রাজ মেট্রো-ল ১১-৩৭২৪
1071.jpg,রাজ মেট্রো-হ ১৩-০৭৫৩
1072.jpg,রাজ মেট্রো-হ ১১-৫৯৫৪
1073.jpg,রাজ মেট্রো-ল ১২-৬৭৫৯
1074.jpg,নাটোর-ল ১২-২৮৬০
1075.jpg,ঢাকা মেট্রো-গ ৩৪-৯৬৭৮
1076.jpg,নওগা-ল ১৩-৯৩৩২
1077.jpg,ঢাকা মেট্রো-ব ১৪-৭৭৩২
1078.jpg,ঢাকা মেট্রো-ব ১১-১০৫০
1079.jpg,ঢাকা মেট্রো-ব ১৪-৬১৪২
1080.jpg,ঢাকা মেট্রো-ব-১৪-৬১৪২
1081.jpg,পাবনা-ব ১১-০১৫৮
1082.jpg,কুষ্টিয়া-ব ১১-০০৩৬
1083.jpg,ঢাকা মেট্রো-ব ১২-৩৯২৭
1084.jpg,ঢাকা মেট্রো-ব ১৪-৩০৯৭
1085.jpg,ঢাকা মেট্রো-ব ১১-৩৫৪৩
1086.jpg,ঢাকা মেট্রো-ব ১৪-৮৫৮৭
1087.jpg,ঢাকা মেট্রো-ব ১৪-৪৮৫৩
1088.jpg,ঢাকা মেট্রো-ব ১৫-৪৫৫৫
1089.jpg,কুষ্টিয়া-ব ১১-০০৬৫
1090.jpg,ঢাকা মেট্রো-ব ১১-৫৮৬৩
1091.jpg,ঢাকা মেট্রো-ব ১৪-৫৯২৩
1092.jpg,ঢাকা মেট্রো ব ১৪-৩৬৬৭
1093.jpg,রাজ মেট্রো-ব ১১-০১৮৬
1094.jpg,নাটোর-ব ১১-০০২২
1095.jpg,রাজশাহী-ব ১১-০০১৪
1096.jpg,ঢাকা মেট্রো-ব ১৪-৫৭৯৫
1097.jpg,রাজশাহী-ব ০৫-০০০৪
1098.jpg,রাজ মেট্রো-ব ১১-০০৮৮
1099.jpg,ঢাকা মেট্রো-ব ১৪-৪৯১১
1100.jpg,ঢাকা মেট্রো-ব ১৪-৪৯১১
1101.jpg,খুলনা মেট্রো-ব ১১-০০৮৬
1102.jpg,ঢাকা মেট্রো-ব ১৫-৭৮৩৮
1103.jpg,ঢাকা মেট্রো ব ১৫-৭৮৩৮
1104.jpg,ঢাকা মেট্রো-ব ১১-১৯০৩
1105.jpg,ঢাকা মেট্রো-ব ১৪৬৮১৪
1106.jpg,ঢাকা মেট্রো-ব ১১-৬৮৬৩
1107.jpg,ঢাকা মেট্রো-ব ১-৫৬০১
1108.jpg,ঢাকা মেট্রো ব ১৪-২৭৮০
1109.jpg,ঢাকা-মেট্রো-ব ১১-৬৮৬৩
1110.jpg,ঢাকা মেট্রো-ব ১৪-৩৯২৭
1111.jpg,ঢাকা মেট্রো-ব ১৪-৩৪৯৫
1112.jpg,ঢাকা মেট্রো-ব ১৫-০৭৪৮
1113.jpg,ঢাকা মেট্রো-ব ১৪-৬৭৮৩
1114.jpg,ঢাকা মেট্রো-ব ১৪-৬৬47
1115.jpg,রাজ-মেট্রো-ব ১১-০০৭১
1116.jpg,ঢাকা মেট্রো ব ১৪-৬৮১৪
1117.jpg,ঢাকা মেট্রো-১১-০৫৩
1118.jpg,ঢাকা-১১
1119.jpg,ঢাকা মেট্রো - ১৫-১৭৪
1120.jpg,ঢাকা-মেট্রো-ব ১৪-৫১০১
1121.jpg,ঢাকা মেট্রো ৩৪-৩০৮
1122.jpg,ঢাকা মেট্রো ব-১৪-৪৯১৮
1123.jpg,পাবনা-ব ১১-০১৮
1124.jpg,ঢাকা মেট্রো ১১-৬৩৬
1125.jpg,ঢাকা মেট্রো-ব ১৪-৫৩২৭
1126.jpg,ঢাকা মেট্রো -ব ১৪-৫৮২৫
1127.jpg,ঢাকা মেট্রো-গ ৪২-৭৩৫৮
1128.jpg,ঢাকা মেট্রো ব ১৪-৭৬৩০
1129.jpg,খুলনা মেট্রো-ব ১১-০০৮৬
1130.jpg,রাজশাহী-ব ১১-০০০২
1131.jpg,ঢাকা মেট্রো-ব-১৪-৫৫৫১
1132.jpg,ঢাকা মেট্রো-ব ১৪-৫৫৫১
1133.jpg,ঢাকা মেট্রো-ব ১৫-১৪৮৭
1134.jpg,চট্ট মেট্রো -ব ১১-০৯৫৫
1135.jpg,খুলনা মেট্রো-জ ০৪-০০৩৬
1136.jpg,ঢাকা মেট্রো-ব ১৪-৯৬৭৬
1137.jpg,ঢাকা মেট্রো ১১-৬০১৭
1138.jpg,ঢাকা মেট্রো-ব ১৪-৩৫ ৩৭
1139.jpg,ঢাকা মেট্রো-ব ১৪-০৩২৭
1140.jpg,কুমিল্লা-ব ১১-০১৪১
1141.jpg,ঢাকা মেট্রো-ব ১৪-৩৭৪০
1142.jpg,ঢাকা মেট্রো-ব ১৪-৭০৩৩
1143.jpg,ঢাকা মেট্রো-ব ১৪-৭০৩৩
1144.jpg,রাজশাহী-ব ১১-০০০৩
1145.jpg,ঢাকা মেট্রো- ১১-১০৭৮
1146.jpg,রাজ মেট্রো-ব ১১-০০৬৯
1147.jpg,ঙ্গাইল-ব ১১-০০১৪
1148.jpg,ঢাকা মেট্রো-ব ১৪-৩৯১২
1149.jpg,ঢাকা মেট্রো -ব ১১-৫৩৩৫
1150.jpg,ঢাকা মেট্রো-ব ১৪-৩৯২৬
1151.jpg,ঢাকা মেট্রো-ব ১৪-৩৪১৪
1152.jpg,রাজশাহী-ব ১১-০০১১
1153.jpg,ঢাকা মেট্রো-ব ১১-১৭৪৫
1154.jpg,রাজ মেট্রো-জ ০৫-০০০৫
1155.jpg,ঢাকা মেট্রো-ব ১৪-৪৮৫১
1156.jpg,টাঙ্গাইল-ব ০২-০০২১
1157.jpg,ঢাকা-মেট্রো-ব-১৫-৫১১১
1158.jpg,ঢাকা মেট্রো-ব ১৪-৫৭৬৬
1159.jpg,রাজশাহী-ব ১১-০০০৪
1160.jpg,চট্ট মেট্রো-ব ১১-০৮৫৯
1161.jpg,ঢাকা মেট্রো-ব ১৪-৩৮৩৭
1162.jpg,ঢাকা মেট্রো-ড ১৪-৫২৮৮
1163.jpg,ঢাকা মেট্রো ট-১২-৫৭৩৬
1164.jpg,ঢাকা মেট্রো-ট ১৫-১৮০৩
1165.jpg,পাবনা-ব ১১-০০৩৮
1166.jpg,ঢাকা মেট্রো-ব ১৯-০০১০
1167.jpg,ঢাকা মেট্রো-জ ০৪-০৩৩৪
1168.jpg,ঢাকা মেট্রো-ব ১৪-৫৯২২
1169.jpg,ঢাকা মেট্রো-ব ১৪-৫৯২২
1170.jpg,ঢাকা মেট্রো-ব ১৪-২৪২০
1171.jpg,পাবনা-ব ১১-০০৯৭
1172.jpg,রাজ মেট্রো-ব ১১-০০৬৮
1173.jpg,ঢাকা মেট্রো-ব-১৫-৩০১৯
1174.jpg,ঢাকা-মেট্রো-ব-১৪-২৫৭৮
1175.jpg,ঢাকা মেট্রো-ব ১৪-৬০৮৫
1176.jpg,ঢাকা মেট্রো-ব ১৫-১৭০৯
1177.jpg,রাজ মেট্রো-ব ১১-০১১৭
1178.jpg,রাজ মেট্রো-ব ১১-০১৮৯
1179.jpg,ঢাকা মেট্রো-ব ১৪-৩৩৫১
1180.jpg,ঢাকা মেট্রো-ব ১৪-৬১৬৮
1181.jpg,পাবনা-ব ১১-০১৪১
1182.jpg,ঢাকা মেট্রো-ব ১৪-৩৮৩৭
1183.jpg,ঢাকা মেট্রো-ব ১৪-৯২৩৩
1184.jpg,রাজ মেট্রো-ব ১১-০১৫৬
1185.jpg,পাবনা-ব ১১-০১৯০
1186.jpg,ঢাকা মেট্রো-ব ১৪-৮১৫১
1187.jpg,ঢাকা মেট্রো-ব ১৪-৫০৬৯
1188.jpg,ঢাকা মেট্রো-ব ১৪-৫৮৭৩
1189.jpg,ঢাকা মেট্রো-ব ১১-৪৮৮২
1190.jpg,ঢাকা মেট্রো-ব ১৪-৩১৬৭
1191.jpg,ঢাকা মেট্রো-ব ১৪-৩৯৬৭
1192.jpg,ঢাকা মেট্রো-ব ১১-৪৮৮২
1193.jpg,ঢাকা মেট্রো-ব ১৪-৩১২৬
1194.jpg,ঢাকা মেট্রো-ব ১৪-৫৮৭৩
1195.jpg,ঢাকা মেট্রো-ব ১৪-৮১৮৪
1196.jpg,ঢাকা মেট্রো-ব ১৪-৫৩০২
1197.jpg,ঢাকা মেট্রো-ব ১৪-৫৩০২
1198.jpg,ঢাকা মেট্রো-ব ১৪-৫৩৭০২
1199.jpg,ঢাকা মেট্রো-ব ১৪-৮১৮৪
1200.jpg,পাবনা-ব ১১-০১৭২
1201.jpg,ঢাকা মেট্রো-ব ১৪-৫০৬১
1202.jpg,ঢাকা মেট্রো-ব ১৪-৮১৫১
1203.jpg,ঢাকা মেট্রো-ব ১৪-০৩২৭
1204.jpg,পাবনা-ব ১১-০১৯০
1205.jpg,ঢাকা-জ-৩৬৫১
1206.jpg,চট্ট মেট্রো-ব ১১-০৯৫৫
1207.jpg,খুলনা মেট্রো-জ ০৪-০০৩৬
1208.jpg,ঢাকা মেট্রো-ব ১৪-৯৬৭৬
1209.jpg,ঢাকা মেট্রো-ব ১১-৬০১৭
1210.jpg,ঢাকা মেট্রো-ব ১৪-৩৫৩৭
1211.jpg,কুমিল্লা-ব ১১-০১৪১
1212.jpg,ঢাকা মেট্রো-ব ১৪-৩৭৪০
1213.jpg,ঢাকা মেট্রো-ব ১১-৫২৫২
1214.jpg,ঢাকা মেট্রো-ব ১১-১০৫০
1215.jpg,ঢাকা মেট্রো-ব ১৪-৭৮১৪
1216.jpg,রাজ মেট্রো ১১-০০
1217.jpg,রাজশাহী-ব ১১-০০০৩
1218.jpg,ঢাকা মেট্রো-ব ১১-১০৭৮
1219.jpg,রাজ মেট্রো-ব ১১-০০৬৯
1220.jpg,রাজ মেট্রো-ল ১২-০৭০৫
1221.jpg,রাজ মেট্রো-হ ১৩-১৩৬৯
1222.jpg,ঢাকা মেট্রো-ম-১১-৯৮৬১
1223.jpg,নাটোর-ল ১১-৫৩৫৫
1224.jpg,
1225.jpg,পাবনা-হ ১৩-১৩৯২
1226.jpg,রংপুর-হ ১৪-৮৬০৯
1227.jpg,রাজ মেট্রো-ল ১১-৯১৯৩
1228.jpg,কুষ্টিয়া-হ ১৩-৩৭৩৩
1229.jpg,
1230.jpg,ঢাকা মেট্রো-ল ১১-১৮১০
1231.jpg,রাজশাহী-হ ১২-৬৫৪৩
1232.jpg,রাজ মেট্রো-স ১১-০০৩২
1233.jpg,ঢাকা মেট্রো-ব ১৪-২৭৮০
1234.jpg,ঢাকা মেট্রো-স ১২-০০৬২
1235.jpg,ঢাকা মেট্রো-ক ১১-৪১১৩
1236.jpg,ঢাকা মেট্রো-গ ৩৪-৫৭৮৬
1237.jpg,ঢাকা মেট্রো-ঘ ২১-২৬৯০
1238.jpg,ঢাকা মেট্রো খ ১২-৯১৪৪
1239.jpg,ঢাকা ৫৪৪/শ
1240.jpg,ঢাকা মেট্রো-গ ৩৫-৮৮৩৫
1241.jpg,ঢাকা মেট্রো-গ ২২-৭৩৬৪
1242.jpg,ঢাকা মেট্রো-গ ২২-৭৩৬৪
1243.jpg,ঢাকা মেট্রো-গ ৩৫-৮৮৩৫
1244.jpg,ঢাকা মেট্রো-ব ১৪-৩৯২৭
1245.jpg,ঢাকা ৫৪৪/শ
1246.jpg,ঢাকা মেট্রো-খ ১২-৯১৪৪
1247.jpg,ঢাকা মেট্রো-ঘ ২১-২৬৯০
1248.jpg,ঢাকা মেট্রো-গ ৩৪-৫৭৮৬
1249.jpg,ঢাকা মেট্রো-ক ১১-৪১১৩
1250.jpg,চট্ট মেট্রো খ ১১-০৭৩০
1251.jpg,ঢাকা মেট্রো-ঘ ২১-৪৩৮৫
1252.jpg,ঢাকা মেট্রো-চ ৫৩-২৮৪৮
1253.jpg,ঢাকা মেট্রো-গ ৩৩-২৭৩০
1254.jpg,ঢাকা মেট্রো-গ ২২-৮৮০৪
1255.jpg,ঢাকা মেট্রো-ব ১৪-৩৪৯৫
1256.jpg,ঢাকা মেট্রো-গ ৩৭-৭৬৪৫
1257.jpg,ঢাকা মেট্রো-গ ২৭-৭৪৪২
1258.jpg,ঢাকা মেট্রো-ঘ ২১-২১১২
1259.jpg,ঢাকা মেট্রো-গ ৪৫-৬৮৪৬
1260.jpg,ঢাকা মেট্রো-গ ২২-০২২৭
1261.jpg,রাজ মেট্রো-চ ৫১-০০৫১
1262.jpg,ঢাকা মেট্রো-ক ১১-৪৫৩৩
1263.jpg,রাজ মেট্রো-গ ১১-০৪১২
1264.jpg,রাজ মেট্রো-গ ১১-০৪১২
1265.jpg,ঢাকা মেট্রো-ব ১৫-০৭৪৮
1266.jpg,ঢাকা মেট্রো-ক ১১-৪৫৩৩
1267.jpg,রাজ মেট্রো-চ ৫১-০০৫১
1268.jpg,ঢাকা মেট্রো-গ ২২-০২২৭
1269.jpg,ঢাকা মেট্রো-গ ৪৫-৬৮৪৬
1270.jpg,ঢাকা মেট্রো-গ ২৭-৭৪৪২
1271.jpg,ঢাকা মেট্রো-গ ৩৭-৭৬৪৫
1272.jpg,ঢাকা মেট্রো-গ ২২-৪৮০৪
1273.jpg,ঢাকা মেট্রো-গ ৩৩-২৭৩০
1274.jpg,ঢাকা মেট্রো-চ ৫৩-২৮৪৮
1275.jpg,ঢাকা মেট্রো-ঘ ২১-৪৩৮৫
1276.jpg,ঢাকা মেট্রো-ব ১১-৬৮৬৩
1277.jpg,চট্ট মেট্রো-খ ১১-০৭৩০
1278.jpg,রাজ মেট্রো-ল ১২-০৩৫৪
1279.jpg,রাজ মেট্রো-ল ১২-২৯৬৮
1280.jpg,দিনাজপুর-ল ১৩-৩৪৭১
1281.jpg,RAJ METRO-LA 13-0266
1282.jpg,ঢাকা মেট্রো-ব ১৪-২৭৮০
1283.jpg,রাজ মেট্রো-ল ১২-৬৯৩৫
1284.jpg,ঢাকা মেট্রো-চ ১৫-৬২৮৩
1285.jpg,রাজ মেট্রো-গ ১১-০৩৬৬
1286.jpg,ঢাকা মেট্রো-গ ২২-৮৮০৪
1287.jpg,ঢাকা মেট্রো-গ ৩৯-৩৭০২
1288.jpg,ঢাকা মেট্রো-গ ২২-৭৩৬৪
1289.jpg,ঢাকা মেট্রো-গ ৩৩-৪৫৫৬
1290.jpg,রাজশাহী-ল ১২-৮৭৫৯
1291.jpg,ঢাকা মেট্রো-ব ১১-৫৬০১
1292.jpg,ঢাকা মেট্রো-ব ১৪-৫৭৬১
1293.jpg,ঢাকা মেট্রো-গ ১৮-৮৩২৮
1294.jpg,ঢাকা মেট্রো-গ ৩৪-২৭৯২
1295.jpg,ঢাকা মেট্রো-গ ২০-১১৫৪
1296.jpg,ঢাকা মেট্রো-ক ১১-৪২৯০
1297.jpg,ঢাকা মেট্রো-ট ১৮-৬৮৯৫
1298.jpg,রাজশাহী-হ ১৭-৭৫৫৫
1299.jpg,ঢাকা মেট্রো-ব ১১-৬৮৬৩
1300.jpg,ঢাকা মেট্রো -গ ২০-১১৫৪
1301.jpg,ঢাকা মেট্রো-গ ২০-১১৫৪
1302.jpg,ঢাকা মেট্রো-ট ১৫-২৭৪৭
1303.jpg,ঢাকা মেট্রো-ট ১৫-২৭৪৭
1304.jpg,ঢাকা মেট্রো-চ ১১-৬৮৫৬
1305.jpg,ঢাকা মেট্রো-ব ১১-১৯০৩
1306.jpg,ঢাকা মেট্রো-চ ১৪-০৩১০
1307.jpg,চট্ট মেট্রো-গ ১২-৬৭৪৬
1308.jpg,চট্ট মেট্রো-গ ১২-৬৭৪৬
1309.jpg,ঢাকা মেট্রো-গ ৩৭-৬২৩৮
1310.jpg,ঢাকা মেট্রো-ঘ ১৮-৫০৩১
1311.jpg,ঢাকা মেট্রো-গ ২৯-৩৫৯২
1312.jpg,চট্ট মেট্রো -গ ১৩-০২৩৬
1313.jpg,ঢাকা মেট্রো-ঘ ১৭-২৭৫০
1314.jpg,ঢাকা মেট্রো-চ ১৯-৪০৬৭
1315.jpg,ঢাকা মেট্রো-চ ১১-৮১৪৪
1316.jpg,ঢাকা মেট্রো -ব ১৫-৭৮৩৮
1317.jpg,খাগড়াছড়ি- হ ১১-৫৯৫৮
1318.jpg,রাজশাহী-ল ১১-২৫৮৮
1319.jpg,টাংগাইল-ল ১১-৪১৪৫
1320.jpg,ঢাকা মেট্রো -গ ৩৩-৫৯৭২
1321.jpg,ঢাকা মেট্রো-গ ২২-৪৮০৯
1322.jpg,ঢাকা মেট্রো-গ ২৭-৯৩৬৯
1323.jpg,ঢাকা মেট্রো-গ-১১-৫৫৭৪
1324.jpg,রাজ মেট্রো-ব ১১-০১৮১
1325.jpg,ঢাকা মেট্রো গ ১৩-৪৩৮৩
1326.jpg,ঢাকা মেট্রো-গ ৩৯-০৯৫৮
1327.jpg,খুলনা হ ১২-০৯২১
1328.jpg,খাগড়াছড়ি-ল ১১-০৫৯০
1329.jpg,ঢাকা মেট্রো-গ ১৫-৪২৪১
1330.jpg,হবিগঞ্জ-হ ১১-২০৮৯
1331.jpg,ঢাকা মেট্রো-ব ১১-১৯০৩
1332.jpg,ঢাকা মেট্রো-ঘ ১৭-২৭৫০
1333.jpg,ঢাকা মেট্রো-গ ২৯-৩৫৯২
1334.jpg,ঢাকা মেট্রো -খ ১২-৫৩৮১
1335.jpg,ঢাকা মেট্রো গ ২৯-৪৭৮৮
1336.jpg,রাজ মেট্রো-চ ৫১-০০৫৬
1337.jpg,ঢাকা মেট্রো-ব ১১-১৮৫৩
1338.jpg,মৌলভীবাজার-ল ১১-১১৫৫
1339.jpg,ঢাকা মেট্রো-গ ২৯-৩৫৯২
1340.jpg,ঢাকা মেট্রো-গ ২৫-০৩৩৯
1341.jpg,ঢাকা মেট্রো গ ২৩-৯৪৮৯
1342.jpg,ঢাকা মেট্রো -গ ১৭-১১৩৩
1343.jpg,নওগাঁ-হ ১৩-১১৬৫
1344.jpg,ঢাকা মেট্রো গ ২৫-০৩৩৯
1345.jpg,সিলেট-থ ১২-৯৫৬৮
1346.jpg,কিশোরগঞ্জ-ল ১১-২২২৮
1347.jpg,সিলেট- ল ১২-৩৫১৫
1348.jpg,ঢাকা মেট্রো ব ১৪-৫৩২৭
1349.jpg,মৌলভীবাজার-হ ১২-৪৪৫৩
1350.jpg,চট্ট মেট্রো-ল ১১-০৭৪৮
1351.jpg,যশোর- হ ১৭-৩৭২৫
1352.jpg,সুনামগঞ্জ-হ ১১-৪২৫৬
1353.jpg,ঢাকা মেট্রো-গ ২৫-০৩৩৯
1354.jpg,ঢাকা মেট্রো-হ ২৯-২৯০১
1355.jpg,ঢাকা মেট্রো -ব ১৫- ৭৩৬৭
1356.jpg,বগুড়া-ল ১২-৬০০৮
1357.jpg,ঢাকা মেট্রো-গ ১৭-১১৩৩
1358.jpg,চট্ট মেট্রো-গ ১২-৪১০৫
1359.jpg,ঢাকা মেট্রো-গ ২৭-৯২৬৭
1360.jpg,ঢাকা মেট্রো-ব ১৪-৫৮২০
1361.jpg,ঢাকা মেট্রো-হ ২৭-২৬২৫
1362.jpg,ঢাকা মেট্রো-গ ১৭-৩০২২
1363.jpg,কুড়িগ্রাম-হ ১৩-৫৬৩৪
1364.jpg,সিলেট-থ ১২-৯৫৬৮
1365.jpg,ঢাকা মেট্রো-গ ৩৪-৫০৩৫
1366.jpg,ঢাকা মেট্রো-খ ১২-০২০০
1367.jpg,ঢাকা মেট্রো-ঘ ১৮-৫০৩১
1368.jpg,খুলনা মেট্রো-ব ১১-০০৮৬
1369.jpg,ঢাকা মেট্রো-হ ৫৫-৯৪৭৮
1370.jpg,ঢাকা মেট্রো-গ  ২৫-০৩৩৯
1371.jpg,গাইবান্ধা-হ ১৩-১১৫৯
1372.jpg,ঢাকা মেট্রো-গ ৩৯-০৯৫৮
1373.jpg,সিলেট-হ ১২-৮৩২৩
1374.jpg,রাজশাহী-ব ১১-০০০২
1375.jpg,বরিশাল হ-১১-০৮৯৩
1376.jpg,চট্ট মেট্রো-হ ১৬-০৪৭৭
1377.jpg,ঢাকা মেট্রো-গ ৩১-০০৮০
1378.jpg,ঢাকা মেট্রো-হ ৪৯-২০৩৩
1379.jpg,ঢাকা মেট্রো-ব ১৪-৫৫৫১
1380.jpg,মৌলভীবাজার ল ১১-০৯৭২
1381.jpg,লালমনিরহাট-হ ১১-৮০৬৭
1382.jpg,রাজ মেট্রো ব ১১-০১৫৭
1383.jpg,ঢাকা মেট্রো-গ ৪৩-২১৭৩
1384.jpg,ঢাকা মেট্রো-গ ২৯-৩৫৯২
1385.jpg,রাজ মেট্রো-ব ১১-০১৩৮
1386.jpg,চট্ট মেট্রো-গ ১২-২৯৮২
1387.jpg,সিলেট-হ ১৪-৬২৯২
1388.jpg,ঢাকা মেট্রো গ ২৭-২১৯১
1389.jpg,সুনামগঞ্জ-ল ১১-০৩৪২
1390.jpg,ঢাকা মেট্রো-গ ৩২-৩৭৪৭
1391.jpg,ঢাকা মেট্রো-গ ২৫-০৩৩৯
1392.jpg,ঢাকা মেট্রো-ঘ ১৮-০৭০৯
1393.jpg,মৌলভীবাজার-হ ১৩-১৩২৬
1394.jpg,ঢাকা মেট্রো-গ ২২-৫৬২৭
1395.jpg,রাজবাড়ী ল-১১-৩৮৬৫
1396.jpg,রাজ মেট্রো-ব ১১-০০৮৮
1397.jpg,রাজ মেট্রো- ল ১১-৮৪৪২
1398.jpg,ঢাকা মেট্রো-ঘ ১৮-০৭০৯
1399.jpg,ঢাকা মেট্রো-গ ৩৯-০৯৫৮
1400.jpg,পিরোজপুর- হ ১১-৯১৬০
1401.jpg,সিলেট-ল ১২-০৩৪৫
1402.jpg,খুলনা মেট্রো হ ১৩-৩৫৫৩
1403.jpg,ঢাকা মেট্রো-ব ১৪-৪৯৬১
1404.jpg,ঢাকা মেট্রো - গ ১২-৭৩৮৪
1405.jpg,সিলেট এ-১৪৬৩
1406.jpg,সিলেট-থ ১২-৯৫৬৮
1407.jpg,চট্ট মেট্রো ত ১১-০০৪৯
1408.jpg,বরগুনা-ল ১১-০৩৭৭
1409.jpg,ঢাকা মেট্রো-ব ১১-৪১৯৩
1410.jpg,রংপুর-ল ১১-২১৯২
1411.jpg,ঢাকা মেট্রো-গ ২৩-৯০০৩
1412.jpg,ঢাকা মেট্রো-গ ৩৪-০২৮২
1413.jpg,ঢাকা মেট্রো-গ ১২-৭৩৩৩
1414.jpg,ঢাকা মেট্রো-গ ২১-১৭১২
1415.jpg,চট্ট মেট্রো-ল ১৫-৬১৪৪
1416.jpg,জামালপুর-ল ১১-১৬১৪
1417.jpg,ঢাকা মেট্রো-ব ১৫-৯৮৯৯
1418.jpg,ঢাকা মেট্রো১৪-৩৪৮৫
1419.jpg,ঢাকা-মেট্রো-হ ৭১-১৩৫৪
1420.jpg,ঢাকা মেট্রো-ঘ ১৫-৮২১৬
1421.jpg,চট্ট মেট্রো-ল ১২-৪১৮৩
1422.jpg,রাজ মেট্রো-ব ১১-০০৮৮
1423.jpg,ঢাকা মেট্রো ল ৪১-৯০২৯
1424.jpg,ঢাকা মেট্রো-গ ৩১-০০৮০
1425.jpg,ঢাকা মেট্রো গ ১৭-৬২৯৯
1426.jpg,ঢাকা মেট্রো-গ ৩৪-৫০৩৫
1427.jpg,ঢাকা মেট্রো গ ২১-৭৬৬১
1428.jpg,ঢাকা মেট্রো-ব ১৪-৬৮৫৩
1429.jpg,সুনামগঞ্জ-ল ১১-০৩৪২
1430.jpg,গাইবান্ধা-ল ১১-৩৮৭১
1431.jpg,ঢাকা মেট্রো-গ ১৪-০১০৬
1432.jpg,যশোর-ল ১২-১৩৪০
1433.jpg,মাদারীপুর-ল ১১-৩৯৭২
1434.jpg,টাংগাইল-হ ১৫-৬৭৭৩
1435.jpg,ঢাকা মেট্রো-ব ১২-১৬৯০
1436.jpg,ঢাকা মেট্রো-গ ২২-৫৬২৭
1437.jpg,ঢাকা মেট্রো-ঘ ১৮-০৭০৯
1438.jpg,ঢাকা মেট্রো-গ ৩৪-৫০৩৫
1439.jpg,ঢাকা মেট্রো-গ ২৭-৯২৬৭
1440.jpg,ঢাকা মেট্রো-গ ২২-০৩২৭
1441.jpg,পটুয়াখালী-ল ১১-১০৬০
1442.jpg,ঢাকা মেট্রো-ব ১৪-৬৮৫৩
1443.jpg,ঢাকা মেট্রো ল ১৯-৮০৭৯
1444.jpg,ঢাকা মেট্রো-গ ৩৪-০২৮২
1445.jpg,ঢাকা মেট্রো-গ ৩৭-৫৩৫৫
1446.jpg,ঢাকা মেট্রো-ভ ১১-১০৮০
1447.jpg,ঢাকা মেট্রো-গ ২৯-৩৫৯২
1448.jpg,ঢাকা মেট্রো-ব ১৫-৯৮১৯
1449.jpg,কুড়িগ্রাম ল-১১-০৪০৯
1450.jpg,নোয়াখালী-হ ১১-৭৮২৯
1451.jpg,যশোর-হ ১৫-৭৫৫৬
1452.jpg,মানিকগঞ্জ-ল ১১-৪৯৯৪
1453.jpg,ঢাকা মেট্রো-গ ২০-০৬৯৭
1454.jpg,যশোর-হ ১৮-৪০৪২
1455.jpg,ঢাকা মেট্রো-ব ১১-৪১৯৩
1456.jpg,ঢাকা মেট্রো ঘ ১৭-৩২৩৩
1457.jpg,রাজবাড়ী-হ ১১-৪৪৮৩
1458.jpg,খুলনা ল ১১-১১৪৯
1459.jpg,ঢাকা মেট্রো-গ ২২-৫৬২৭
1460.jpg,হবিগঞ্জ-হ ১১-২০৮৯
1461.jpg,হবিগঞ্জ-হ ১১-২১৪১
1462.jpg,ঢাকা মেট্রো-ব ১৪-৫৯৬১
1463.jpg,কুড়িগ্রাম ল-১১-০৪০৯
1464.jpg,ঢাকা মেট্রো-গ ৩৯-০৯৫৮
1465.jpg,হবিগঞ্জ ল ১১-০৮০১
1466.jpg,সাতক্ষীরা-ল ১১-৭২৮৪
1467.jpg,ঢাকা মেট্রো-গ ২০-০৬৯৭
1468.jpg,যশোর ল ১২-৭৪৮৩
1469.jpg,রাজ মেট্রো-ব ১১-০১৩৮
1470.jpg,ঝালকাঠি-ল ১১-০৮১৪
1471.jpg,যশোর-হ ১৬-৪৯৫৫
1472.jpg,পিরোজপুর-ল  ১১-১০৫৫
1473.jpg,টাংগাইল ল ১২-২৩৬২
1474.jpg,ময়মনসিংহ- হ ১৪-৯১৭৯
1475.jpg,খুলনা মেট্রো- হ ১২-৪২৩৪
1476.jpg,সুনামগঞ্জ-হ ১১-৩০৭২
1477.jpg,ঢাকা মেট্রো-ব ১৫-৬২৯৯
1478.jpg,নড়াইল-হ ১১-৭০৮৯
1479.jpg,ঢাকা মেট্রো-ব ১৪-১৪৭০
1480.jpg,রংপুর-হ ১৫-৯১২৪
1481.jpg,খুলনা মেট্রো-হ ১১-০০৩৭
1482.jpg,ঢাকা মেট্রো-গ ২২-৪৯৪৪
1483.jpg,চট্ট মেট্রো গ ১১-১৮২৭
1484.jpg,ঢাকা মেট্রো-গ ২২-৯৭১০
1485.jpg,ঢাকা-মেট্রো-গ ৩৫-৯৮৫২
1486.jpg,কুমিল্লা হ ১৩-২১১৩
1487.jpg,ঢাকা মেট্রো-ব ১৪-৫৫৫১
1488.jpg,ঢাকা মেট্রো-গ ৩৩-৭৩৪৬
1489.jpg,ঢাকা মেট্রো-ভ ১১-০৪০৫
1490.jpg,খুলনা মেট্রো হ-১১-১৭২৬
1491.jpg,বান্দরবন-হ ১১-১১৪৮
1492.jpg,ঢাকা মেট্রো-গ ৩৯-১৭৮৬
1493.jpg,ঢাকা মেট্রো-ঘ ১৫-৫৫২০
1494.jpg,ঢাকা মেট্রো-গ ২০-৭৫৮৫
1495.jpg,খাগড়াছড়ি হ ১১-৩২৩৩
1496.jpg,খাগড়াছড়ি- হ ১১-৩২৩৩
1497.jpg,ঢাকা মেট্রো-ব ১২-৩৬৯৪
1498.jpg,খুলনা মেট্রো- হ ১২-৫৪৭৫
1499.jpg,ঢাকা মেট্রো-গ ২০-৭৫৮৫
1500.jpg,ঢাকা মেট্রো গ - ৩৫-৯৮৫২
1501.jpg,ঢাকা মেট্রো-গ ১৯-৮৬১২
1502.jpg,ঢাকা মেট্রো-গ ৩১-৯৯৭৪
1503.jpg,ঢাকা মেট্রো-গ ২৫-৮৮০০
1504.jpg,ঢাকা মেট্রো-গ ২৫-৮৮০০
1505.jpg,ঢাকা মেট্রো-ব ১৪-৫৮২৫
1506.jpg,ঢাকা মেট্রো-গ ১৪-৪১৯৬
1507.jpg,চট্ট মেট্রো-হ ১৬-৪৮৪১
1508.jpg,ঢাকা মেট্রো-গ ৩৯-১৭৮৬
1509.jpg,ঢাকা মেট্রো-গ ২২-১৭৫৯
1510.jpg,ঢাকা মেট্রো-গ ৩৯-১৭৮৬
1511.jpg,ঢাকা মেট্রো - গ ৩১-৯৯৭৪
1512.jpg,ঢাকা মেট্রো-গ ২১-৩৩৭৪
1513.jpg,ঢাকা মেট্রো-ব ১৪-৫৩২৭
1514.jpg,ঢাকা মেট্রো-গ ২২-১৭৫৯
1515.jpg,বাগেরহাট-হ ১২-৩৬২২
1516.jpg,ঢাকা মেট্রো-গ ১২-৪৮৩৪
1517.jpg,ঢাকা মেট্রো-গ ১৯-২০২৩
1518.jpg,চট্ট মেট্রো-গ ১৩-২২৩৮
1519.jpg,চট্ট মেট্রো-গ ১২-৫৬৯৫
1520.jpg,ঢাকা মেট্রো-ব ১৪-৩৬৬৫
1521.jpg,ঢাকা মেট্রো-ঘ ১১-০৩৫৮
1522.jpg,নড়াইল-হ ১১-৭০৮৯
1523.jpg,ঢাকা মেট্রো-হ ৪৫-২৩০৭
1524.jpg,ঢাকা মেট্রো -চ ১১-৫৫৩৪
1525.jpg,রাজ মেট্রো-ট ১১-০৩৪৯
1526.jpg,ঢাকা মেট্রো-ল ৩৮-৭১৩৬
1527.jpg,ঢাকা মেট্রো-ব ১১-১৮৫৩
1528.jpg,ঢাকা মেট্রো-গ ২৭-২৪৭৯
1529.jpg,ঢাকা মেট্রো -গ ১১-৫৯৭৩
1530.jpg,কক্সবাজার-চ ০১-০০০১
1531.jpg,চুয়াডাঙ্গা ট ১১-০২২৭
1532.jpg,ঢাকা মেট্রো-গ ২০-৯৩৬৩
1533.jpg,ঢাকা মেট্রো-গ ৩৩-৮৭৫৬
1534.jpg,চট্ট মেট্রো-গ ১২-৩৬৪১
1535.jpg,ঢাকা মেট্রো-গ ৩৩-৭৯৮২
1536.jpg,ঢাকা মেট্রো-ব-১১-৬৩৬০
1537.jpg,ঢাকা মেট্রো-গ ১৭-৫১২০
1538.jpg,ঢাকা মেট্রো-গ ২১-৭৩৪২
1539.jpg,সুনামগঞ্জ-ল ১১-০৯৮১
1540.jpg,নোয়াখালী-ল ১১-৩০৫৯
1541.jpg,ঢাকা মেট্রো-গ ২১-৭৩৪২
1542.jpg,ঢাকা মেট্রো-ভ ১১-১৫৮৪
1543.jpg,পাবনা-ব ১১-০১৮৫
1544.jpg,ঢাকা মেট্রো-গ ৩৫-৪২৩০
1545.jpg,ঢাকা মেট্রো-গ ১৯-৮০৪৩
1546.jpg,ঢাকা মেট্রো-ভ ১১-১৪৭৭
1547.jpg,ঢাকা মেট্রো-গ ২১-৮৭৯৮
1548.jpg,কুড়িগ্রাম-হ ১৩-৫৩৯৪
1549.jpg,ঢাকা মেট্রো-গ ২৩-৭৬১৮
1550.jpg,ঢাকা মেট্রো-গ ২৩-৭৬১৮
1551.jpg,ঢাকা মেট্রো-ব ১৫-৮৮৫৫
1552.jpg,ঢাকা মেট্রোঘ ১৩-৪৫১১
1553.jpg,ঢাকা মেট্রো-গ ১৭-২৮৯৩
1554.jpg,ঢাকা মেট্রো-গ ৩৩-৮৯৭৮
1555.jpg,ঢাকা মেট্রো-গ ৩৫-৯০৮২
1556.jpg,ঝিনাইদহ-হ ১২-৮৭৪৬
1557.jpg,ঢাকা মেট্রো-ভ ১১-১৩৫৯
1558.jpg,ঢাকা মেট্রো-ব ১৪-৪৯১৮
1559.jpg,ঢাকা মেট্রো-ভ ১১-১৫৮৪
1560.jpg,ঢাকা মেট্রো-ঘ ১১-৯৫১৩
1561.jpg,ঢাকা মেট্রো-গ ২০-৭৪৭১
1562.jpg,ঢাকা মেট্রো-ভ ১১-১২৩৬
1563.jpg,কুমিল্লা-ল ১২-১৩৬৭
1564.jpg,চট মেট্রো-গ ১২-৫৬৯৫
1565.jpg,ঢাকা মেট্রো-ব ১৪-৩০৮৭
1566.jpg,ঢাকা মেট্রো-ভ ১১-১৫৮৪
1567.jpg,ঢাকা মেট্রো-গ ৩৯-১৭৮৬
1568.jpg,ঢাকা মেট্রো-ঘ ১১-৮৯৩৭
1569.jpg,ঢাকা মেট্রো গ ২৭-৩৮৮৭
1570.jpg,ঢাকা মেট্রো-গ ৩৯-১৭৮৬
1571.jpg,নাটোর হ ১১-১০৬৮
1572.jpg,ঢাকা মেট্রো-ব ১৪-৫৯০১
1573.jpg,ঢাকা মেট্রো-গ ৩১-৯৭৩২
1574.jpg,ঢাকা মেট্রো-ঘ ১১-৮৯৭৬
1575.jpg,ঢাকা মেট্রো-গ ১৪-৫০০৮
1576.jpg,রাঙ্গামাটি-ল ১১-১
1577.jpg,ঢাকা মেট্রো-খ ১২-৭৬৭৭
1578.jpg,ঢাকা মেট্রো-ব ১৫-৮৮৫৫
1579.jpg,ঢাকা মেট্রো-ল ২৯-৬১৩৯
1580.jpg,ঢাকা মেট্রো-গ ১৪-৫৯২৩
1581.jpg,ঢাকা মেট্রো-ভ ১১-১১৯৭
1582.jpg,ঢাকা মেট্রো-ভ ১১-১৫৯৬
1583.jpg,ঢাকা মেট্রো-গ ৩১-৪০৮৯
1584.jpg,ঢাকা মেট্রো-গ ১৭-৬২৮৯
1585.jpg,কুষ্টিয়া-ব ১১-০০৩৮
1586.jpg,ঢাকা মেট্রো-ভ ১১-১৫৮৭
1587.jpg,লক্ষীপুর-হ ১১-৬৫২৩
1588.jpg,ঢাকা মেট্রো-গ-১৩-০১৮২
1589.jpg,ঢাকা মেট্রো-গ ৩৩-২২৭৩
1590.jpg,ঢাকা মেট্রো-ব ১৫-১৭৪০
1591.jpg,ঢাকা মেট্রো গ ১২-৩০৯৬
1592.jpg,খুলনা-ল ১১-৩৪৪৭
1593.jpg,ঢাকা মেট্রো-গ ৩১-৩১২০
1594.jpg,ঢাকা মেট্রো-গ ২১-৬০১৭
1595.jpg,ঢাকা মেট্রো-গ ৩৭-৫৭৯৬
1596.jpg,রাজ মেট্রো-চ ৫১-০০৫১
1597.jpg,ঢাকা মেট্রো -ব ১১-৪২৪৩
1598.jpg,ঢাকা মেট্রো-গ ২৩-৩৯২৭
1599.jpg,ঢাকা মেট্রো-খ ১৩-১৭৯৯
1600.jpg,ঠাকুরগাঁও ল-১১-০৪৭৯
1601.jpg,চট্ট মেট্রো-ঘ ১১-১১০১
1602.jpg,ঢাকা মেট্রো-ঘ ১৭-৪৬০৭
1603.jpg,ঢাকা মেট্রো-গ ৩৪-০৭৮৮
1604.jpg,ঢাকা মেট্রো-ঘ ১১-০৬২১
1605.jpg,ঢাকা মেট্রো-ঘ ১৭-১৩৬৪
1606.jpg,ঢাকা মেট্রো-ঘ ১৭-৪৬০৭
1607.jpg,ঢাকা মেট্রো-ব ১১-০৫৩৫
1608.jpg,ঢাকা মেট্রো গ ১১-৯২৫৩
1609.jpg,ঢাকা মেট্রো-ঘ ১৭-৪৬০৭
1610.jpg,ঢাকা মেট্রো-চ ১১-৮৯০২
1611.jpg,ঢাকা মেট্রো য ১১-০০৬৮
1612.jpg,রাজ মেট্রো-ব ১১-০০৭৯
1613.jpg,ঢাকা মেট্রো-ক ১১-১৮১৭
1614.jpg,লক্ষ্মীপুর-হ ১১-০৫২১
1615.jpg,পাবনা-ল ১১-২৮১৯
1616.jpg,ঢাকা মেট্রো-গ ২০-৪৭৭৫
1617.jpg,ঢাকা মেট্রো-ক ১১-১৮১৭
1618.jpg,ঢাকা মেট্রো-গ ২১-৮৭৯৮
1619.jpg,ঢাকা মেট্রো-ক ১১-১৮১৭
1620.jpg,ঢাকা মেট্রো-ব ১৪-৬৬৪৭
1621.jpg,ঢাকা মেট্রো-খ ১২-৮৫৯৫
1622.jpg,ঢাকা মেট্রো-গ ২১-৮৫৭১
1623.jpg,চট্ট মেট্রো-অ ০০-০১২৯
1624.jpg,ঢাকা মেট্রো-ল ৩২-০৫০৬
1625.jpg,রাজশাহী-ব ০৫-০০০৩
1626.jpg,ঢাকা মেট্রো -ঠ ১১-৭৯৫৯
1627.jpg,ময়মনসিংহ-হ ১৪-৩৩০৪
1628.jpg,ঠাকুরগাঁও-হ ১২-৪১৭২
1629.jpg,ঢাকা মেট্রো-ভ ১১-১৫৮৪
1630.jpg,রাজশাহী-হ ১৩-১২৬৭
1631.jpg,পাবনা-ল ১১-২০৪৪
1632.jpg,ঢাকা মেট্রো -ড ১১-০৪৮৩
1633.jpg,ঢাকা মেট্রো-গ ২৫-৫২২২
1634.jpg,ঢাকা মেট্রো-ব ১৪-৬৮৬৯
1635.jpg,ঢাকা মেট্রো-গ ২১-৮৭৯৮
1636.jpg,কক্সবাজার- ল ১১-৫১৮৭
1637.jpg,ঝিনাইদহ-হ ১৩-৪৭৯২
1638.jpg,চট্ট মেট্রো-ড ১১-০০৫২
1639.jpg,কুড়িগ্রাম-হ ১৩-১৪০১
1640.jpg,পাবনা- ল ১১-২৮১৯
1641.jpg,ঝিনাইদহ-ল ১১-২৮৩৬
1642.jpg,ঢাকা মেট্রো-চ ৫৯৮৪
1643.jpg,কক্সবাজার- হ ১১-০১৫০
1644.jpg,কুড়িগ্রাম-হ ১২-৮১৩৬
1645.jpg,রাঙ্গামাটি-ল ১১-০১৪৬
1646.jpg,পাবনা-ল ১১-৩১০৩
1647.jpg,ঢাকা মেট্রো-ঘ ১৫-২৫৯৯
1648.jpg,চট্ট মেট্রো-ন ১১-০০৩৯
1649.jpg,নওগাঁ-ল ১১-৬১০৪
1650.jpg,ঢাকা মেট্রো ব ১৪-৩৮৬৪
1651.jpg,রাজ মেট্রো-হ ১২-১১২২
1652.jpg,চট্ট-মেট্রো-ন ১১-৭৬০২
1653.jpg,ঢাকা মেট্রো-ভ ০২-১৪২৮
1654.jpg,টাংগাইল-ল ১২-০৯৩২
1655.jpg,রাজবাড়ী-হ ১১-৪৪২০
1656.jpg,ঢাকা মেট্রো-গ  ২৫-৫২২২
1657.jpg,জামালপুর-হ ১২-৯৮৮৯
1658.jpg,ঢাকা মেট্রো-জ ১৪-০১১৫
1659.jpg,ঢাকা মেট্রো-চ ১৫-৬৫৯১
1660.jpg,কক্সবাজার - ছ ১১-০০৭৩
1661.jpg,নওগাঁ-ল ১২-১১১১
1662.jpg,চট্ট মেট্রো-গ ১২-৬৪১৭
1663.jpg,রাঙামাটি-হ ১১-১৯৬৩
1664.jpg,ঢাকা মেট্রো-খ ১৩-১৭৯৯
1665.jpg,ঢাকা মেট্রো-গ ৩৩-৭৩৮২
1666.jpg,ঢাকা মেট্রো-গ ৩৩-৭৩৮২
1667.jpg,চট্ট মেট্রো-ব ১১-০৮৫৯
1668.jpg,নওয়াবগঞ্জ-হ ১৪-৮৯৯৪
1669.jpg,গাইবান্ধা-হ ১১-৮০৪০
1670.jpg,ঢাকা মেট্রো-গ ২৩-০৮০২
1671.jpg,চুয়াডাঙ্গা-ট ১১-০২২৭
1672.jpg,ঢাকা-মেট্রো-গ ৩৩-৯৩৫৬
1673.jpg,বরিশাল-হ ১৩-০১৫০
1674.jpg,রাঙামাটি-হ ১১-১০৫০
1675.jpg,চুয়াডাঙা-ট ১১-০২১৪
1676.jpg,ঝিনাইদহ-ল ১১-৫৮৪৮
