filename,augmentation
1623.jpg,original
1623_light.jpg,light
1623_camera.jpg,camera
1623_geo.jpg,geo
1203.jpg,original
1203_light.jpg,light
1203_camera.jpg,camera
1203_geo.jpg,geo
222.jpg,original
222_light.jpg,light
222_camera.jpg,camera
222_geo.jpg,geo
114.jpg,original
114_light.jpg,light
114_camera.jpg,camera
114_geo.jpg,geo
707.jpg,original
707_light.jpg,light
707_camera.jpg,camera
707_geo.jpg,geo
708.jpg,original
708_light.jpg,light
708_camera.jpg,camera
708_geo.jpg,geo
1037.jpg,original
1037_light.jpg,light
1037_camera.jpg,camera
1037_geo.jpg,geo
1575.jpg,original
1575_light.jpg,light
1575_camera.jpg,camera
1575_geo.jpg,geo
498.jpg,original
498_light.jpg,light
498_camera.jpg,camera
498_geo.jpg,geo
175.jpg,original
175_light.jpg,light
175_camera.jpg,camera
175_geo.jpg,geo
980.jpg,original
980_light.jpg,light
980_camera.jpg,camera
980_geo.jpg,geo
1308.jpg,original
1308_light.jpg,light
1308_camera.jpg,camera
1308_geo.jpg,geo
19.jpg,original
19_light.jpg,light
19_camera.jpg,camera
19_geo.jpg,geo
424.jpg,original
424_light.jpg,light
424_camera.jpg,camera
424_geo.jpg,geo
1122.jpg,original
1122_light.jpg,light
1122_camera.jpg,camera
1122_geo.jpg,geo
286.jpg,original
286_light.jpg,light
286_camera.jpg,camera
286_geo.jpg,geo
1329.jpg,original
1329_light.jpg,light
1329_camera.jpg,camera
1329_geo.jpg,geo
429.jpg,original
429_light.jpg,light
429_camera.jpg,camera
429_geo.jpg,geo
1266.jpg,original
1266_light.jpg,light
1266_camera.jpg,camera
1266_geo.jpg,geo
1504.jpg,original
1504_light.jpg,light
1504_camera.jpg,camera
1504_geo.jpg,geo
32.jpg,original
32_light.jpg,light
32_camera.jpg,camera
32_geo.jpg,geo
979.jpg,original
979_light.jpg,light
979_camera.jpg,camera
979_geo.jpg,geo
716.jpg,original
716_light.jpg,light
716_camera.jpg,camera
716_geo.jpg,geo
215.jpg,original
215_light.jpg,light
215_camera.jpg,camera
215_geo.jpg,geo
585.jpg,original
585_light.jpg,light
585_camera.jpg,camera
585_geo.jpg,geo
327.jpg,original
327_light.jpg,light
327_camera.jpg,camera
327_geo.jpg,geo
875.jpg,original
875_light.jpg,light
875_camera.jpg,camera
875_geo.jpg,geo
1042.jpg,original
1042_light.jpg,light
1042_camera.jpg,camera
1042_geo.jpg,geo
989.jpg,original
989_light.jpg,light
989_camera.jpg,camera
989_geo.jpg,geo
342.jpg,original
342_light.jpg,light
342_camera.jpg,camera
342_geo.jpg,geo
148.jpg,original
148_light.jpg,light
148_camera.jpg,camera
148_geo.jpg,geo
361.jpg,original
361_light.jpg,light
361_camera.jpg,camera
361_geo.jpg,geo
84.jpg,original
84_light.jpg,light
84_camera.jpg,camera
84_geo.jpg,geo
49.jpg,original
49_light.jpg,light
49_camera.jpg,camera
49_geo.jpg,geo
469.jpg,original
469_light.jpg,light
469_camera.jpg,camera
469_geo.jpg,geo
156.jpg,original
156_light.jpg,light
156_camera.jpg,camera
156_geo.jpg,geo
1005.jpg,original
1005_light.jpg,light
1005_camera.jpg,camera
1005_geo.jpg,geo
1174.jpg,original
1174_light.jpg,light
1174_camera.jpg,camera
1174_geo.jpg,geo
1145.jpg,original
1145_light.jpg,light
1145_camera.jpg,camera
1145_geo.jpg,geo
1560.jpg,original
1560_light.jpg,light
1560_camera.jpg,camera
1560_geo.jpg,geo
501.jpg,original
501_light.jpg,light
501_camera.jpg,camera
501_geo.jpg,geo
180.jpg,original
180_light.jpg,light
180_camera.jpg,camera
180_geo.jpg,geo
1541.jpg,original
1541_light.jpg,light
1541_camera.jpg,camera
1541_geo.jpg,geo
567.jpg,original
567_light.jpg,light
567_camera.jpg,camera
567_geo.jpg,geo
632.jpg,original
632_light.jpg,light
632_camera.jpg,camera
632_geo.jpg,geo
529.jpg,original
529_light.jpg,light
529_camera.jpg,camera
529_geo.jpg,geo
347.jpg,original
347_light.jpg,light
347_camera.jpg,camera
347_geo.jpg,geo
1161.jpg,original
1161_light.jpg,light
1161_camera.jpg,camera
1161_geo.jpg,geo
1640.jpg,original
1640_light.jpg,light
1640_camera.jpg,camera
1640_geo.jpg,geo
584.jpg,original
584_light.jpg,light
584_camera.jpg,camera
584_geo.jpg,geo
812.jpg,original
812_light.jpg,light
812_camera.jpg,camera
812_geo.jpg,geo
728.jpg,original
728_light.jpg,light
728_camera.jpg,camera
728_geo.jpg,geo
1492.jpg,original
1492_light.jpg,light
1492_camera.jpg,camera
1492_geo.jpg,geo
244.jpg,original
244_light.jpg,light
244_camera.jpg,camera
244_geo.jpg,geo
1234.jpg,original
1234_light.jpg,light
1234_camera.jpg,camera
1234_geo.jpg,geo
313.jpg,original
313_light.jpg,light
313_camera.jpg,camera
313_geo.jpg,geo
436.jpg,original
436_light.jpg,light
436_camera.jpg,camera
436_geo.jpg,geo
1641.jpg,original
1641_light.jpg,light
1641_camera.jpg,camera
1641_geo.jpg,geo
1139.jpg,original
1139_light.jpg,light
1139_camera.jpg,camera
1139_geo.jpg,geo
309.jpg,original
309_light.jpg,light
309_camera.jpg,camera
309_geo.jpg,geo
431.jpg,original
431_light.jpg,light
431_camera.jpg,camera
431_geo.jpg,geo
371.jpg,original
371_light.jpg,light
371_camera.jpg,camera
371_geo.jpg,geo
926.jpg,original
926_light.jpg,light
926_camera.jpg,camera
926_geo.jpg,geo
182.jpg,original
182_light.jpg,light
182_camera.jpg,camera
182_geo.jpg,geo
627.jpg,original
627_light.jpg,light
627_camera.jpg,camera
627_geo.jpg,geo
590.jpg,original
590_light.jpg,light
590_camera.jpg,camera
590_geo.jpg,geo
1453.jpg,original
1453_light.jpg,light
1453_camera.jpg,camera
1453_geo.jpg,geo
1536.jpg,original
1536_light.jpg,light
1536_camera.jpg,camera
1536_geo.jpg,geo
297.jpg,original
297_light.jpg,light
297_camera.jpg,camera
297_geo.jpg,geo
760.jpg,original
760_light.jpg,light
760_camera.jpg,camera
760_geo.jpg,geo
462.jpg,original
462_light.jpg,light
462_camera.jpg,camera
462_geo.jpg,geo
1094.jpg,original
1094_light.jpg,light
1094_camera.jpg,camera
1094_geo.jpg,geo
1522.jpg,original
1522_light.jpg,light
1522_camera.jpg,camera
1522_geo.jpg,geo
378.jpg,original
378_light.jpg,light
378_camera.jpg,camera
378_geo.jpg,geo
907.jpg,original
907_light.jpg,light
907_camera.jpg,camera
907_geo.jpg,geo
127.jpg,original
127_light.jpg,light
127_camera.jpg,camera
127_geo.jpg,geo
904.jpg,original
904_light.jpg,light
904_camera.jpg,camera
904_geo.jpg,geo
602.jpg,original
602_light.jpg,light
602_camera.jpg,camera
602_geo.jpg,geo
356.jpg,original
356_light.jpg,light
356_camera.jpg,camera
356_geo.jpg,geo
1357.jpg,original
1357_light.jpg,light
1357_camera.jpg,camera
1357_geo.jpg,geo
210.jpg,original
210_light.jpg,light
210_camera.jpg,camera
210_geo.jpg,geo
141.jpg,original
141_light.jpg,light
141_camera.jpg,camera
141_geo.jpg,geo
1202.jpg,original
1202_light.jpg,light
1202_camera.jpg,camera
1202_geo.jpg,geo
1119.jpg,original
1119_light.jpg,light
1119_camera.jpg,camera
1119_geo.jpg,geo
1193.jpg,original
1193_light.jpg,light
1193_camera.jpg,camera
1193_geo.jpg,geo
1408.jpg,original
1408_light.jpg,light
1408_camera.jpg,camera
1408_geo.jpg,geo
1278.jpg,original
1278_light.jpg,light
1278_camera.jpg,camera
1278_geo.jpg,geo
644.jpg,original
644_light.jpg,light
644_camera.jpg,camera
644_geo.jpg,geo
1068.jpg,original
1068_light.jpg,light
1068_camera.jpg,camera
1068_geo.jpg,geo
621.jpg,original
621_light.jpg,light
621_camera.jpg,camera
621_geo.jpg,geo
638.jpg,original
638_light.jpg,light
638_camera.jpg,camera
638_geo.jpg,geo
11.jpg,original
11_light.jpg,light
11_camera.jpg,camera
11_geo.jpg,geo
894.jpg,original
894_light.jpg,light
894_camera.jpg,camera
894_geo.jpg,geo
283.jpg,original
283_light.jpg,light
283_camera.jpg,camera
283_geo.jpg,geo
292.jpg,original
292_light.jpg,light
292_camera.jpg,camera
292_geo.jpg,geo
679.jpg,original
679_light.jpg,light
679_camera.jpg,camera
679_geo.jpg,geo
618.jpg,original
618_light.jpg,light
618_camera.jpg,camera
618_geo.jpg,geo
130.jpg,original
130_light.jpg,light
130_camera.jpg,camera
130_geo.jpg,geo
324.jpg,original
324_light.jpg,light
324_camera.jpg,camera
324_geo.jpg,geo
840.jpg,original
840_light.jpg,light
840_camera.jpg,camera
840_geo.jpg,geo
680.jpg,original
680_light.jpg,light
680_camera.jpg,camera
680_geo.jpg,geo
693.jpg,original
693_light.jpg,light
693_camera.jpg,camera
693_geo.jpg,geo
622.jpg,original
622_light.jpg,light
622_camera.jpg,camera
622_geo.jpg,geo
1478.jpg,original
1478_light.jpg,light
1478_camera.jpg,camera
1478_geo.jpg,geo
844.jpg,original
844_light.jpg,light
844_camera.jpg,camera
844_geo.jpg,geo
966.jpg,original
966_light.jpg,light
966_camera.jpg,camera
966_geo.jpg,geo
159.jpg,original
159_light.jpg,light
159_camera.jpg,camera
159_geo.jpg,geo
766.jpg,original
766_light.jpg,light
766_camera.jpg,camera
766_geo.jpg,geo
517.jpg,original
517_light.jpg,light
517_camera.jpg,camera
517_geo.jpg,geo
1505.jpg,original
1505_light.jpg,light
1505_camera.jpg,camera
1505_geo.jpg,geo
598.jpg,original
598_light.jpg,light
598_camera.jpg,camera
598_geo.jpg,geo
196.jpg,original
196_light.jpg,light
196_camera.jpg,camera
196_geo.jpg,geo
1380.jpg,original
1380_light.jpg,light
1380_camera.jpg,camera
1380_geo.jpg,geo
1304.jpg,original
1304_light.jpg,light
1304_camera.jpg,camera
1304_geo.jpg,geo
411.jpg,original
411_light.jpg,light
411_camera.jpg,camera
411_geo.jpg,geo
97.jpg,original
97_light.jpg,light
97_camera.jpg,camera
97_geo.jpg,geo
721.jpg,original
721_light.jpg,light
721_camera.jpg,camera
721_geo.jpg,geo
858.jpg,original
858_light.jpg,light
858_camera.jpg,camera
858_geo.jpg,geo
157.jpg,original
157_light.jpg,light
157_camera.jpg,camera
157_geo.jpg,geo
420.jpg,original
420_light.jpg,light
420_camera.jpg,camera
420_geo.jpg,geo
788.jpg,original
788_light.jpg,light
788_camera.jpg,camera
788_geo.jpg,geo
478.jpg,original
478_light.jpg,light
478_camera.jpg,camera
478_geo.jpg,geo
1121.jpg,original
1121_light.jpg,light
1121_camera.jpg,camera
1121_geo.jpg,geo
768.jpg,original
768_light.jpg,light
768_camera.jpg,camera
768_geo.jpg,geo
1493.jpg,original
1493_light.jpg,light
1493_camera.jpg,camera
1493_geo.jpg,geo
1092.jpg,original
1092_light.jpg,light
1092_camera.jpg,camera
1092_geo.jpg,geo
448.jpg,original
448_light.jpg,light
448_camera.jpg,camera
448_geo.jpg,geo
1031.jpg,original
1031_light.jpg,light
1031_camera.jpg,camera
1031_geo.jpg,geo
179.jpg,original
179_light.jpg,light
179_camera.jpg,camera
179_geo.jpg,geo
391.jpg,original
391_light.jpg,light
391_camera.jpg,camera
391_geo.jpg,geo
579.jpg,original
579_light.jpg,light
579_camera.jpg,camera
579_geo.jpg,geo
1476.jpg,original
1476_light.jpg,light
1476_camera.jpg,camera
1476_geo.jpg,geo
1218.jpg,original
1218_light.jpg,light
1218_camera.jpg,camera
1218_geo.jpg,geo
1381.jpg,original
1381_light.jpg,light
1381_camera.jpg,camera
1381_geo.jpg,geo
1558.jpg,original
1558_light.jpg,light
1558_camera.jpg,camera
1558_geo.jpg,geo
746.jpg,original
746_light.jpg,light
746_camera.jpg,camera
746_geo.jpg,geo
987.jpg,original
987_light.jpg,light
987_camera.jpg,camera
987_geo.jpg,geo
783.jpg,original
783_light.jpg,light
783_camera.jpg,camera
783_geo.jpg,geo
143.jpg,original
143_light.jpg,light
143_camera.jpg,camera
143_geo.jpg,geo
1272.jpg,original
1272_light.jpg,light
1272_camera.jpg,camera
1272_geo.jpg,geo
1313.jpg,original
1313_light.jpg,light
1313_camera.jpg,camera
1313_geo.jpg,geo
927.jpg,original
927_light.jpg,light
927_camera.jpg,camera
927_geo.jpg,geo
637.jpg,original
637_light.jpg,light
637_camera.jpg,camera
637_geo.jpg,geo
809.jpg,original
809_light.jpg,light
809_camera.jpg,camera
809_geo.jpg,geo
616.jpg,original
616_light.jpg,light
616_camera.jpg,camera
616_geo.jpg,geo
295.jpg,original
295_light.jpg,light
295_camera.jpg,camera
295_geo.jpg,geo
1048.jpg,original
1048_light.jpg,light
1048_camera.jpg,camera
1048_geo.jpg,geo
1589.jpg,original
1589_light.jpg,light
1589_camera.jpg,camera
1589_geo.jpg,geo
89.jpg,original
89_light.jpg,light
89_camera.jpg,camera
89_geo.jpg,geo
42.jpg,original
42_light.jpg,light
42_camera.jpg,camera
42_geo.jpg,geo
1617.jpg,original
1617_light.jpg,light
1617_camera.jpg,camera
1617_geo.jpg,geo
132.jpg,original
132_light.jpg,light
132_camera.jpg,camera
132_geo.jpg,geo
722.jpg,original
722_light.jpg,light
722_camera.jpg,camera
722_geo.jpg,geo
711.jpg,original
711_light.jpg,light
711_camera.jpg,camera
711_geo.jpg,geo
814.jpg,original
814_light.jpg,light
814_camera.jpg,camera
814_geo.jpg,geo
1549.jpg,original
1549_light.jpg,light
1549_camera.jpg,camera
1549_geo.jpg,geo
1217.jpg,original
1217_light.jpg,light
1217_camera.jpg,camera
1217_geo.jpg,geo
165.jpg,original
165_light.jpg,light
165_camera.jpg,camera
165_geo.jpg,geo
291.jpg,original
291_light.jpg,light
291_camera.jpg,camera
291_geo.jpg,geo
1583.jpg,original
1583_light.jpg,light
1583_camera.jpg,camera
1583_geo.jpg,geo
943.jpg,original
943_light.jpg,light
943_camera.jpg,camera
943_geo.jpg,geo
349.jpg,original
349_light.jpg,light
349_camera.jpg,camera
349_geo.jpg,geo
572.jpg,original
572_light.jpg,light
572_camera.jpg,camera
572_geo.jpg,geo
701.jpg,original
701_light.jpg,light
701_camera.jpg,camera
701_geo.jpg,geo
1576.jpg,original
1576_light.jpg,light
1576_camera.jpg,camera
1576_geo.jpg,geo
933.jpg,original
933_light.jpg,light
933_camera.jpg,camera
933_geo.jpg,geo
1336.jpg,original
1336_light.jpg,light
1336_camera.jpg,camera
1336_geo.jpg,geo
1104.jpg,original
1104_light.jpg,light
1104_camera.jpg,camera
1104_geo.jpg,geo
757.jpg,original
757_light.jpg,light
757_camera.jpg,camera
757_geo.jpg,geo
459.jpg,original
459_light.jpg,light
459_camera.jpg,camera
459_geo.jpg,geo
376.jpg,original
376_light.jpg,light
376_camera.jpg,camera
376_geo.jpg,geo
334.jpg,original
334_light.jpg,light
334_camera.jpg,camera
334_geo.jpg,geo
945.jpg,original
945_light.jpg,light
945_camera.jpg,camera
945_geo.jpg,geo
1474.jpg,original
1474_light.jpg,light
1474_camera.jpg,camera
1474_geo.jpg,geo
1362.jpg,original
1362_light.jpg,light
1362_camera.jpg,camera
1362_geo.jpg,geo
1055.jpg,original
1055_light.jpg,light
1055_camera.jpg,camera
1055_geo.jpg,geo
724.jpg,original
724_light.jpg,light
724_camera.jpg,camera
724_geo.jpg,geo
1551.jpg,original
1551_light.jpg,light
1551_camera.jpg,camera
1551_geo.jpg,geo
1318.jpg,original
1318_light.jpg,light
1318_camera.jpg,camera
1318_geo.jpg,geo
329.jpg,original
329_light.jpg,light
329_camera.jpg,camera
329_geo.jpg,geo
1192.jpg,original
1192_light.jpg,light
1192_camera.jpg,camera
1192_geo.jpg,geo
319.jpg,original
319_light.jpg,light
319_camera.jpg,camera
319_geo.jpg,geo
1284.jpg,original
1284_light.jpg,light
1284_camera.jpg,camera
1284_geo.jpg,geo
1378.jpg,original
1378_light.jpg,light
1378_camera.jpg,camera
1378_geo.jpg,geo
1455.jpg,original
1455_light.jpg,light
1455_camera.jpg,camera
1455_geo.jpg,geo
168.jpg,original
168_light.jpg,light
168_camera.jpg,camera
168_geo.jpg,geo
13.jpg,original
13_light.jpg,light
13_camera.jpg,camera
13_geo.jpg,geo
172.jpg,original
172_light.jpg,light
172_camera.jpg,camera
172_geo.jpg,geo
650.jpg,original
650_light.jpg,light
650_camera.jpg,camera
650_geo.jpg,geo
261.jpg,original
261_light.jpg,light
261_camera.jpg,camera
261_geo.jpg,geo
1024.jpg,original
1024_light.jpg,light
1024_camera.jpg,camera
1024_geo.jpg,geo
1179.jpg,original
1179_light.jpg,light
1179_camera.jpg,camera
1179_geo.jpg,geo
673.jpg,original
673_light.jpg,light
673_camera.jpg,camera
673_geo.jpg,geo
259.jpg,original
259_light.jpg,light
259_camera.jpg,camera
259_geo.jpg,geo
994.jpg,original
994_light.jpg,light
994_camera.jpg,camera
994_geo.jpg,geo
139.jpg,original
139_light.jpg,light
139_camera.jpg,camera
139_geo.jpg,geo
550.jpg,original
550_light.jpg,light
550_camera.jpg,camera
550_geo.jpg,geo
758.jpg,original
758_light.jpg,light
758_camera.jpg,camera
758_geo.jpg,geo
1281.jpg,original
1281_light.jpg,light
1281_camera.jpg,camera
1281_geo.jpg,geo
1044.jpg,original
1044_light.jpg,light
1044_camera.jpg,camera
1044_geo.jpg,geo
1555.jpg,original
1555_light.jpg,light
1555_camera.jpg,camera
1555_geo.jpg,geo
559.jpg,original
559_light.jpg,light
559_camera.jpg,camera
559_geo.jpg,geo
140.jpg,original
140_light.jpg,light
140_camera.jpg,camera
140_geo.jpg,geo
1457.jpg,original
1457_light.jpg,light
1457_camera.jpg,camera
1457_geo.jpg,geo
532.jpg,original
532_light.jpg,light
532_camera.jpg,camera
532_geo.jpg,geo
225.jpg,original
225_light.jpg,light
225_camera.jpg,camera
225_geo.jpg,geo
725.jpg,original
725_light.jpg,light
725_camera.jpg,camera
725_geo.jpg,geo
410.jpg,original
410_light.jpg,light
410_camera.jpg,camera
410_geo.jpg,geo
326.jpg,original
326_light.jpg,light
326_camera.jpg,camera
326_geo.jpg,geo
1392.jpg,original
1392_light.jpg,light
1392_camera.jpg,camera
1392_geo.jpg,geo
300.jpg,original
300_light.jpg,light
300_camera.jpg,camera
300_geo.jpg,geo
1064.jpg,original
1064_light.jpg,light
1064_camera.jpg,camera
1064_geo.jpg,geo
916.jpg,original
916_light.jpg,light
916_camera.jpg,camera
916_geo.jpg,geo
1642.jpg,original
1642_light.jpg,light
1642_camera.jpg,camera
1642_geo.jpg,geo
1552.jpg,original
1552_light.jpg,light
1552_camera.jpg,camera
1552_geo.jpg,geo
715.jpg,original
715_light.jpg,light
715_camera.jpg,camera
715_geo.jpg,geo
194.jpg,original
194_light.jpg,light
194_camera.jpg,camera
194_geo.jpg,geo
441.jpg,original
441_light.jpg,light
441_camera.jpg,camera
441_geo.jpg,geo
574.jpg,original
574_light.jpg,light
574_camera.jpg,camera
574_geo.jpg,geo
504.jpg,original
504_light.jpg,light
504_camera.jpg,camera
504_geo.jpg,geo
606.jpg,original
606_light.jpg,light
606_camera.jpg,camera
606_geo.jpg,geo
951.jpg,original
951_light.jpg,light
951_camera.jpg,camera
951_geo.jpg,geo
1494.jpg,original
1494_light.jpg,light
1494_camera.jpg,camera
1494_geo.jpg,geo
4.jpg,original
4_light.jpg,light
4_camera.jpg,camera
4_geo.jpg,geo
1540.jpg,original
1540_light.jpg,light
1540_camera.jpg,camera
1540_geo.jpg,geo
468.jpg,original
468_light.jpg,light
468_camera.jpg,camera
468_geo.jpg,geo
322.jpg,original
322_light.jpg,light
322_camera.jpg,camera
322_geo.jpg,geo
6.jpg,original
6_light.jpg,light
6_camera.jpg,camera
6_geo.jpg,geo
223.jpg,original
223_light.jpg,light
223_camera.jpg,camera
223_geo.jpg,geo
548.jpg,original
548_light.jpg,light
548_camera.jpg,camera
548_geo.jpg,geo
1069.jpg,original
1069_light.jpg,light
1069_camera.jpg,camera
1069_geo.jpg,geo
40.jpg,original
40_light.jpg,light
40_camera.jpg,camera
40_geo.jpg,geo
543.jpg,original
543_light.jpg,light
543_camera.jpg,camera
543_geo.jpg,geo
243.jpg,original
243_light.jpg,light
243_camera.jpg,camera
243_geo.jpg,geo
137.jpg,original
137_light.jpg,light
137_camera.jpg,camera
137_geo.jpg,geo
1470.jpg,original
1470_light.jpg,light
1470_camera.jpg,camera
1470_geo.jpg,geo
1320.jpg,original
1320_light.jpg,light
1320_camera.jpg,camera
1320_geo.jpg,geo
1548.jpg,original
1548_light.jpg,light
1548_camera.jpg,camera
1548_geo.jpg,geo
965.jpg,original
965_light.jpg,light
965_camera.jpg,camera
965_geo.jpg,geo
835.jpg,original
835_light.jpg,light
835_camera.jpg,camera
835_geo.jpg,geo
1188.jpg,original
1188_light.jpg,light
1188_camera.jpg,camera
1188_geo.jpg,geo
939.jpg,original
939_light.jpg,light
939_camera.jpg,camera
939_geo.jpg,geo
1525.jpg,original
1525_light.jpg,light
1525_camera.jpg,camera
1525_geo.jpg,geo
582.jpg,original
582_light.jpg,light
582_camera.jpg,camera
582_geo.jpg,geo
1477.jpg,original
1477_light.jpg,light
1477_camera.jpg,camera
1477_geo.jpg,geo
1649.jpg,original
1649_light.jpg,light
1649_camera.jpg,camera
1649_geo.jpg,geo
662.jpg,original
662_light.jpg,light
662_camera.jpg,camera
662_geo.jpg,geo
1434.jpg,original
1434_light.jpg,light
1434_camera.jpg,camera
1434_geo.jpg,geo
1550.jpg,original
1550_light.jpg,light
1550_camera.jpg,camera
1550_geo.jpg,geo
377.jpg,original
377_light.jpg,light
377_camera.jpg,camera
377_geo.jpg,geo
1235.jpg,original
1235_light.jpg,light
1235_camera.jpg,camera
1235_geo.jpg,geo
315.jpg,original
315_light.jpg,light
315_camera.jpg,camera
315_geo.jpg,geo
443.jpg,original
443_light.jpg,light
443_camera.jpg,camera
443_geo.jpg,geo
924.jpg,original
924_light.jpg,light
924_camera.jpg,camera
924_geo.jpg,geo
320.jpg,original
320_light.jpg,light
320_camera.jpg,camera
320_geo.jpg,geo
1006.jpg,original
1006_light.jpg,light
1006_camera.jpg,camera
1006_geo.jpg,geo
991.jpg,original
991_light.jpg,light
991_camera.jpg,camera
991_geo.jpg,geo
990.jpg,original
990_light.jpg,light
990_camera.jpg,camera
990_geo.jpg,geo
1260.jpg,original
1260_light.jpg,light
1260_camera.jpg,camera
1260_geo.jpg,geo
425.jpg,original
425_light.jpg,light
425_camera.jpg,camera
425_geo.jpg,geo
554.jpg,original
554_light.jpg,light
554_camera.jpg,camera
554_geo.jpg,geo
595.jpg,original
595_light.jpg,light
595_camera.jpg,camera
595_geo.jpg,geo
1643.jpg,original
1643_light.jpg,light
1643_camera.jpg,camera
1643_geo.jpg,geo
369.jpg,original
369_light.jpg,light
369_camera.jpg,camera
369_geo.jpg,geo
1289.jpg,original
1289_light.jpg,light
1289_camera.jpg,camera
1289_geo.jpg,geo
1341.jpg,original
1341_light.jpg,light
1341_camera.jpg,camera
1341_geo.jpg,geo
1490.jpg,original
1490_light.jpg,light
1490_camera.jpg,camera
1490_geo.jpg,geo
773.jpg,original
773_light.jpg,light
773_camera.jpg,camera
773_geo.jpg,geo
228.jpg,original
228_light.jpg,light
228_camera.jpg,camera
228_geo.jpg,geo
1604.jpg,original
1604_light.jpg,light
1604_camera.jpg,camera
1604_geo.jpg,geo
1205.jpg,original
1205_light.jpg,light
1205_camera.jpg,camera
1205_geo.jpg,geo
1113.jpg,original
1113_light.jpg,light
1113_camera.jpg,camera
1113_geo.jpg,geo
1147.jpg,original
1147_light.jpg,light
1147_camera.jpg,camera
1147_geo.jpg,geo
67.jpg,original
67_light.jpg,light
67_camera.jpg,camera
67_geo.jpg,geo
394.jpg,original
394_light.jpg,light
394_camera.jpg,camera
394_geo.jpg,geo
580.jpg,original
580_light.jpg,light
580_camera.jpg,camera
580_geo.jpg,geo
25.jpg,original
25_light.jpg,light
25_camera.jpg,camera
25_geo.jpg,geo
212.jpg,original
212_light.jpg,light
212_camera.jpg,camera
212_geo.jpg,geo
1290.jpg,original
1290_light.jpg,light
1290_camera.jpg,camera
1290_geo.jpg,geo
975.jpg,original
975_light.jpg,light
975_camera.jpg,camera
975_geo.jpg,geo
537.jpg,original
537_light.jpg,light
537_camera.jpg,camera
537_geo.jpg,geo
888.jpg,original
888_light.jpg,light
888_camera.jpg,camera
888_geo.jpg,geo
1646.jpg,original
1646_light.jpg,light
1646_camera.jpg,camera
1646_geo.jpg,geo
86.jpg,original
86_light.jpg,light
86_camera.jpg,camera
86_geo.jpg,geo
1507.jpg,original
1507_light.jpg,light
1507_camera.jpg,camera
1507_geo.jpg,geo
273.jpg,original
273_light.jpg,light
273_camera.jpg,camera
273_geo.jpg,geo
1084.jpg,original
1084_light.jpg,light
1084_camera.jpg,camera
1084_geo.jpg,geo
1146.jpg,original
1146_light.jpg,light
1146_camera.jpg,camera
1146_geo.jpg,geo
1114.jpg,original
1114_light.jpg,light
1114_camera.jpg,camera
1114_geo.jpg,geo
1624.jpg,original
1624_light.jpg,light
1624_camera.jpg,camera
1624_geo.jpg,geo
631.jpg,original
631_light.jpg,light
631_camera.jpg,camera
631_geo.jpg,geo
1270.jpg,original
1270_light.jpg,light
1270_camera.jpg,camera
1270_geo.jpg,geo
1563.jpg,original
1563_light.jpg,light
1563_camera.jpg,camera
1563_geo.jpg,geo
1429.jpg,original
1429_light.jpg,light
1429_camera.jpg,camera
1429_geo.jpg,geo
506.jpg,original
506_light.jpg,light
506_camera.jpg,camera
506_geo.jpg,geo
274.jpg,original
274_light.jpg,light
274_camera.jpg,camera
274_geo.jpg,geo
1182.jpg,original
1182_light.jpg,light
1182_camera.jpg,camera
1182_geo.jpg,geo
1459.jpg,original
1459_light.jpg,light
1459_camera.jpg,camera
1459_geo.jpg,geo
363.jpg,original
363_light.jpg,light
363_camera.jpg,camera
363_geo.jpg,geo
1353.jpg,original
1353_light.jpg,light
1353_camera.jpg,camera
1353_geo.jpg,geo
623.jpg,original
623_light.jpg,light
623_camera.jpg,camera
623_geo.jpg,geo
3.jpg,original
3_light.jpg,light
3_camera.jpg,camera
3_geo.jpg,geo
7.jpg,original
7_light.jpg,light
7_camera.jpg,camera
7_geo.jpg,geo
312.jpg,original
312_light.jpg,light
312_camera.jpg,camera
312_geo.jpg,geo
1133.jpg,original
1133_light.jpg,light
1133_camera.jpg,camera
1133_geo.jpg,geo
817.jpg,original
817_light.jpg,light
817_camera.jpg,camera
817_geo.jpg,geo
666.jpg,original
666_light.jpg,light
666_camera.jpg,camera
666_geo.jpg,geo
365.jpg,original
365_light.jpg,light
365_camera.jpg,camera
365_geo.jpg,geo
1652.jpg,original
1652_light.jpg,light
1652_camera.jpg,camera
1652_geo.jpg,geo
216.jpg,original
216_light.jpg,light
216_camera.jpg,camera
216_geo.jpg,geo
846.jpg,original
846_light.jpg,light
846_camera.jpg,camera
846_geo.jpg,geo
28.jpg,original
28_light.jpg,light
28_camera.jpg,camera
28_geo.jpg,geo
1201.jpg,original
1201_light.jpg,light
1201_camera.jpg,camera
1201_geo.jpg,geo
526.jpg,original
526_light.jpg,light
526_camera.jpg,camera
526_geo.jpg,geo
1532.jpg,original
1532_light.jpg,light
1532_camera.jpg,camera
1532_geo.jpg,geo
1444.jpg,original
1444_light.jpg,light
1444_camera.jpg,camera
1444_geo.jpg,geo
639.jpg,original
639_light.jpg,light
639_camera.jpg,camera
639_geo.jpg,geo
937.jpg,original
937_light.jpg,light
937_camera.jpg,camera
937_geo.jpg,geo
719.jpg,original
719_light.jpg,light
719_camera.jpg,camera
719_geo.jpg,geo
692.jpg,original
692_light.jpg,light
692_camera.jpg,camera
692_geo.jpg,geo
1314.jpg,original
1314_light.jpg,light
1314_camera.jpg,camera
1314_geo.jpg,geo
625.jpg,original
625_light.jpg,light
625_camera.jpg,camera
625_geo.jpg,geo
8.jpg,original
8_light.jpg,light
8_camera.jpg,camera
8_geo.jpg,geo
257.jpg,original
257_light.jpg,light
257_camera.jpg,camera
257_geo.jpg,geo
804.jpg,original
804_light.jpg,light
804_camera.jpg,camera
804_geo.jpg,geo
26.jpg,original
26_light.jpg,light
26_camera.jpg,camera
26_geo.jpg,geo
337.jpg,original
337_light.jpg,light
337_camera.jpg,camera
337_geo.jpg,geo
573.jpg,original
573_light.jpg,light
573_camera.jpg,camera
573_geo.jpg,geo
48.jpg,original
48_light.jpg,light
48_camera.jpg,camera
48_geo.jpg,geo
1237.jpg,original
1237_light.jpg,light
1237_camera.jpg,camera
1237_geo.jpg,geo
107.jpg,original
107_light.jpg,light
107_camera.jpg,camera
107_geo.jpg,geo
350.jpg,original
350_light.jpg,light
350_camera.jpg,camera
350_geo.jpg,geo
56.jpg,original
56_light.jpg,light
56_camera.jpg,camera
56_geo.jpg,geo
1010.jpg,original
1010_light.jpg,light
1010_camera.jpg,camera
1010_geo.jpg,geo
214.jpg,original
214_light.jpg,light
214_camera.jpg,camera
214_geo.jpg,geo
121.jpg,original
121_light.jpg,light
121_camera.jpg,camera
121_geo.jpg,geo
1058.jpg,original
1058_light.jpg,light
1058_camera.jpg,camera
1058_geo.jpg,geo
1157.jpg,original
1157_light.jpg,light
1157_camera.jpg,camera
1157_geo.jpg,geo
794.jpg,original
794_light.jpg,light
794_camera.jpg,camera
794_geo.jpg,geo
73.jpg,original
73_light.jpg,light
73_camera.jpg,camera
73_geo.jpg,geo
813.jpg,original
813_light.jpg,light
813_camera.jpg,camera
813_geo.jpg,geo
1447.jpg,original
1447_light.jpg,light
1447_camera.jpg,camera
1447_geo.jpg,geo
1480.jpg,original
1480_light.jpg,light
1480_camera.jpg,camera
1480_geo.jpg,geo
893.jpg,original
893_light.jpg,light
893_camera.jpg,camera
893_geo.jpg,geo
46.jpg,original
46_light.jpg,light
46_camera.jpg,camera
46_geo.jpg,geo
1405.jpg,original
1405_light.jpg,light
1405_camera.jpg,camera
1405_geo.jpg,geo
524.jpg,original
524_light.jpg,light
524_camera.jpg,camera
524_geo.jpg,geo
233.jpg,original
233_light.jpg,light
233_camera.jpg,camera
233_geo.jpg,geo
985.jpg,original
985_light.jpg,light
985_camera.jpg,camera
985_geo.jpg,geo
1228.jpg,original
1228_light.jpg,light
1228_camera.jpg,camera
1228_geo.jpg,geo
1264.jpg,original
1264_light.jpg,light
1264_camera.jpg,camera
1264_geo.jpg,geo
1250.jpg,original
1250_light.jpg,light
1250_camera.jpg,camera
1250_geo.jpg,geo
534.jpg,original
534_light.jpg,light
534_camera.jpg,camera
534_geo.jpg,geo
1263.jpg,original
1263_light.jpg,light
1263_camera.jpg,camera
1263_geo.jpg,geo
1513.jpg,original
1513_light.jpg,light
1513_camera.jpg,camera
1513_geo.jpg,geo
604.jpg,original
604_light.jpg,light
604_camera.jpg,camera
604_geo.jpg,geo
466.jpg,original
466_light.jpg,light
466_camera.jpg,camera
466_geo.jpg,geo
1546.jpg,original
1546_light.jpg,light
1546_camera.jpg,camera
1546_geo.jpg,geo
789.jpg,original
789_light.jpg,light
789_camera.jpg,camera
789_geo.jpg,geo
1421.jpg,original
1421_light.jpg,light
1421_camera.jpg,camera
1421_geo.jpg,geo
969.jpg,original
969_light.jpg,light
969_camera.jpg,camera
969_geo.jpg,geo
1095.jpg,original
1095_light.jpg,light
1095_camera.jpg,camera
1095_geo.jpg,geo
61.jpg,original
61_light.jpg,light
61_camera.jpg,camera
61_geo.jpg,geo
1565.jpg,original
1565_light.jpg,light
1565_camera.jpg,camera
1565_geo.jpg,geo
93.jpg,original
93_light.jpg,light
93_camera.jpg,camera
93_geo.jpg,geo
667.jpg,original
667_light.jpg,light
667_camera.jpg,camera
667_geo.jpg,geo
1597.jpg,original
1597_light.jpg,light
1597_camera.jpg,camera
1597_geo.jpg,geo
1417.jpg,original
1417_light.jpg,light
1417_camera.jpg,camera
1417_geo.jpg,geo
195.jpg,original
195_light.jpg,light
195_camera.jpg,camera
195_geo.jpg,geo
281.jpg,original
281_light.jpg,light
281_camera.jpg,camera
281_geo.jpg,geo
696.jpg,original
696_light.jpg,light
696_camera.jpg,camera
696_geo.jpg,geo
360.jpg,original
360_light.jpg,light
360_camera.jpg,camera
360_geo.jpg,geo
520.jpg,original
520_light.jpg,light
520_camera.jpg,camera
520_geo.jpg,geo
1014.jpg,original
1014_light.jpg,light
1014_camera.jpg,camera
1014_geo.jpg,geo
1206.jpg,original
1206_light.jpg,light
1206_camera.jpg,camera
1206_geo.jpg,geo
848.jpg,original
848_light.jpg,light
848_camera.jpg,camera
848_geo.jpg,geo
183.jpg,original
183_light.jpg,light
183_camera.jpg,camera
183_geo.jpg,geo
1143.jpg,original
1143_light.jpg,light
1143_camera.jpg,camera
1143_geo.jpg,geo
1559.jpg,original
1559_light.jpg,light
1559_camera.jpg,camera
1559_geo.jpg,geo
111.jpg,original
111_light.jpg,light
111_camera.jpg,camera
111_geo.jpg,geo
1028.jpg,original
1028_light.jpg,light
1028_camera.jpg,camera
1028_geo.jpg,geo
1354.jpg,original
1354_light.jpg,light
1354_camera.jpg,camera
1354_geo.jpg,geo
43.jpg,original
43_light.jpg,light
43_camera.jpg,camera
43_geo.jpg,geo
747.jpg,original
747_light.jpg,light
747_camera.jpg,camera
747_geo.jpg,geo
126.jpg,original
126_light.jpg,light
126_camera.jpg,camera
126_geo.jpg,geo
205.jpg,original
205_light.jpg,light
205_camera.jpg,camera
205_geo.jpg,geo
1076.jpg,original
1076_light.jpg,light
1076_camera.jpg,camera
1076_geo.jpg,geo
53.jpg,original
53_light.jpg,light
53_camera.jpg,camera
53_geo.jpg,geo
1252.jpg,original
1252_light.jpg,light
1252_camera.jpg,camera
1252_geo.jpg,geo
546.jpg,original
546_light.jpg,light
546_camera.jpg,camera
546_geo.jpg,geo
69.jpg,original
69_light.jpg,light
69_camera.jpg,camera
69_geo.jpg,geo
1180.jpg,original
1180_light.jpg,light
1180_camera.jpg,camera
1180_geo.jpg,geo
508.jpg,original
508_light.jpg,light
508_camera.jpg,camera
508_geo.jpg,geo
1299.jpg,original
1299_light.jpg,light
1299_camera.jpg,camera
1299_geo.jpg,geo
330.jpg,original
330_light.jpg,light
330_camera.jpg,camera
330_geo.jpg,geo
940.jpg,original
940_light.jpg,light
940_camera.jpg,camera
940_geo.jpg,geo
184.jpg,original
184_light.jpg,light
184_camera.jpg,camera
184_geo.jpg,geo
138.jpg,original
138_light.jpg,light
138_camera.jpg,camera
138_geo.jpg,geo
900.jpg,original
900_light.jpg,light
900_camera.jpg,camera
900_geo.jpg,geo
797.jpg,original
797_light.jpg,light
797_camera.jpg,camera
797_geo.jpg,geo
133.jpg,original
133_light.jpg,light
133_camera.jpg,camera
133_geo.jpg,geo
81.jpg,original
81_light.jpg,light
81_camera.jpg,camera
81_geo.jpg,geo
1450.jpg,original
1450_light.jpg,light
1450_camera.jpg,camera
1450_geo.jpg,geo
106.jpg,original
106_light.jpg,light
106_camera.jpg,camera
106_geo.jpg,geo
1294.jpg,original
1294_light.jpg,light
1294_camera.jpg,camera
1294_geo.jpg,geo
542.jpg,original
542_light.jpg,light
542_camera.jpg,camera
542_geo.jpg,geo
918.jpg,original
918_light.jpg,light
918_camera.jpg,camera
918_geo.jpg,geo
481.jpg,original
481_light.jpg,light
481_camera.jpg,camera
481_geo.jpg,geo
166.jpg,original
166_light.jpg,light
166_camera.jpg,camera
166_geo.jpg,geo
249.jpg,original
249_light.jpg,light
249_camera.jpg,camera
249_geo.jpg,geo
308.jpg,original
308_light.jpg,light
308_camera.jpg,camera
308_geo.jpg,geo
447.jpg,original
447_light.jpg,light
447_camera.jpg,camera
447_geo.jpg,geo
998.jpg,original
998_light.jpg,light
998_camera.jpg,camera
998_geo.jpg,geo
859.jpg,original
859_light.jpg,light
859_camera.jpg,camera
859_geo.jpg,geo
335.jpg,original
335_light.jpg,light
335_camera.jpg,camera
335_geo.jpg,geo
1162.jpg,original
1162_light.jpg,light
1162_camera.jpg,camera
1162_geo.jpg,geo
850.jpg,original
850_light.jpg,light
850_camera.jpg,camera
850_geo.jpg,geo
98.jpg,original
98_light.jpg,light
98_camera.jpg,camera
98_geo.jpg,geo
1117.jpg,original
1117_light.jpg,light
1117_camera.jpg,camera
1117_geo.jpg,geo
1653.jpg,original
1653_light.jpg,light
1653_camera.jpg,camera
1653_geo.jpg,geo
738.jpg,original
738_light.jpg,light
738_camera.jpg,camera
738_geo.jpg,geo
1059.jpg,original
1059_light.jpg,light
1059_camera.jpg,camera
1059_geo.jpg,geo
1253.jpg,original
1253_light.jpg,light
1253_camera.jpg,camera
1253_geo.jpg,geo
422.jpg,original
422_light.jpg,light
422_camera.jpg,camera
422_geo.jpg,geo
103.jpg,original
103_light.jpg,light
103_camera.jpg,camera
103_geo.jpg,geo
435.jpg,original
435_light.jpg,light
435_camera.jpg,camera
435_geo.jpg,geo
75.jpg,original
75_light.jpg,light
75_camera.jpg,camera
75_geo.jpg,geo
1498.jpg,original
1498_light.jpg,light
1498_camera.jpg,camera
1498_geo.jpg,geo
910.jpg,original
910_light.jpg,light
910_camera.jpg,camera
910_geo.jpg,geo
1007.jpg,original
1007_light.jpg,light
1007_camera.jpg,camera
1007_geo.jpg,geo
229.jpg,original
229_light.jpg,light
229_camera.jpg,camera
229_geo.jpg,geo
1519.jpg,original
1519_light.jpg,light
1519_camera.jpg,camera
1519_geo.jpg,geo
919.jpg,original
919_light.jpg,light
919_camera.jpg,camera
919_geo.jpg,geo
303.jpg,original
303_light.jpg,light
303_camera.jpg,camera
303_geo.jpg,geo
1439.jpg,original
1439_light.jpg,light
1439_camera.jpg,camera
1439_geo.jpg,geo
1404.jpg,original
1404_light.jpg,light
1404_camera.jpg,camera
1404_geo.jpg,geo
1361.jpg,original
1361_light.jpg,light
1361_camera.jpg,camera
1361_geo.jpg,geo
825.jpg,original
825_light.jpg,light
825_camera.jpg,camera
825_geo.jpg,geo
763.jpg,original
763_light.jpg,light
763_camera.jpg,camera
763_geo.jpg,geo
734.jpg,original
734_light.jpg,light
734_camera.jpg,camera
734_geo.jpg,geo
389.jpg,original
389_light.jpg,light
389_camera.jpg,camera
389_geo.jpg,geo
236.jpg,original
236_light.jpg,light
236_camera.jpg,camera
236_geo.jpg,geo
1385.jpg,original
1385_light.jpg,light
1385_camera.jpg,camera
1385_geo.jpg,geo
268.jpg,original
268_light.jpg,light
268_camera.jpg,camera
268_geo.jpg,geo
306.jpg,original
306_light.jpg,light
306_camera.jpg,camera
306_geo.jpg,geo
1277.jpg,original
1277_light.jpg,light
1277_camera.jpg,camera
1277_geo.jpg,geo
983.jpg,original
983_light.jpg,light
983_camera.jpg,camera
983_geo.jpg,geo
118.jpg,original
118_light.jpg,light
118_camera.jpg,camera
118_geo.jpg,geo
1349.jpg,original
1349_light.jpg,light
1349_camera.jpg,camera
1349_geo.jpg,geo
674.jpg,original
674_light.jpg,light
674_camera.jpg,camera
674_geo.jpg,geo
250.jpg,original
250_light.jpg,light
250_camera.jpg,camera
250_geo.jpg,geo
1271.jpg,original
1271_light.jpg,light
1271_camera.jpg,camera
1271_geo.jpg,geo
1198.jpg,original
1198_light.jpg,light
1198_camera.jpg,camera
1198_geo.jpg,geo
72.jpg,original
72_light.jpg,light
72_camera.jpg,camera
72_geo.jpg,geo
95.jpg,original
95_light.jpg,light
95_camera.jpg,camera
95_geo.jpg,geo
1074.jpg,original
1074_light.jpg,light
1074_camera.jpg,camera
1074_geo.jpg,geo
34.jpg,original
34_light.jpg,light
34_camera.jpg,camera
34_geo.jpg,geo
800.jpg,original
800_light.jpg,light
800_camera.jpg,camera
800_geo.jpg,geo
1223.jpg,original
1223_light.jpg,light
1223_camera.jpg,camera
1223_geo.jpg,geo
1402.jpg,original
1402_light.jpg,light
1402_camera.jpg,camera
1402_geo.jpg,geo
449.jpg,original
449_light.jpg,light
449_camera.jpg,camera
449_geo.jpg,geo
446.jpg,original
446_light.jpg,light
446_camera.jpg,camera
446_geo.jpg,geo
772.jpg,original
772_light.jpg,light
772_camera.jpg,camera
772_geo.jpg,geo
717.jpg,original
717_light.jpg,light
717_camera.jpg,camera
717_geo.jpg,geo
1112.jpg,original
1112_light.jpg,light
1112_camera.jpg,camera
1112_geo.jpg,geo
1273.jpg,original
1273_light.jpg,light
1273_camera.jpg,camera
1273_geo.jpg,geo
1.jpg,original
1_light.jpg,light
1_camera.jpg,camera
1_geo.jpg,geo
1425.jpg,original
1425_light.jpg,light
1425_camera.jpg,camera
1425_geo.jpg,geo
1232.jpg,original
1232_light.jpg,light
1232_camera.jpg,camera
1232_geo.jpg,geo
78.jpg,original
78_light.jpg,light
78_camera.jpg,camera
78_geo.jpg,geo
85.jpg,original
85_light.jpg,light
85_camera.jpg,camera
85_geo.jpg,geo
145.jpg,original
145_light.jpg,light
145_camera.jpg,camera
145_geo.jpg,geo
83.jpg,original
83_light.jpg,light
83_camera.jpg,camera
83_geo.jpg,geo
458.jpg,original
458_light.jpg,light
458_camera.jpg,camera
458_geo.jpg,geo
1085.jpg,original
1085_light.jpg,light
1085_camera.jpg,camera
1085_geo.jpg,geo
677.jpg,original
677_light.jpg,light
677_camera.jpg,camera
677_geo.jpg,geo
1611.jpg,original
1611_light.jpg,light
1611_camera.jpg,camera
1611_geo.jpg,geo
1332.jpg,original
1332_light.jpg,light
1332_camera.jpg,camera
1332_geo.jpg,geo
437.jpg,original
437_light.jpg,light
437_camera.jpg,camera
437_geo.jpg,geo
771.jpg,original
771_light.jpg,light
771_camera.jpg,camera
771_geo.jpg,geo
870.jpg,original
870_light.jpg,light
870_camera.jpg,camera
870_geo.jpg,geo
645.jpg,original
645_light.jpg,light
645_camera.jpg,camera
645_geo.jpg,geo
863.jpg,original
863_light.jpg,light
863_camera.jpg,camera
863_geo.jpg,geo
1596.jpg,original
1596_light.jpg,light
1596_camera.jpg,camera
1596_geo.jpg,geo
977.jpg,original
977_light.jpg,light
977_camera.jpg,camera
977_geo.jpg,geo
1080.jpg,original
1080_light.jpg,light
1080_camera.jpg,camera
1080_geo.jpg,geo
1327.jpg,original
1327_light.jpg,light
1327_camera.jpg,camera
1327_geo.jpg,geo
1246.jpg,original
1246_light.jpg,light
1246_camera.jpg,camera
1246_geo.jpg,geo
405.jpg,original
405_light.jpg,light
405_camera.jpg,camera
405_geo.jpg,geo
1451.jpg,original
1451_light.jpg,light
1451_camera.jpg,camera
1451_geo.jpg,geo
1091.jpg,original
1091_light.jpg,light
1091_camera.jpg,camera
1091_geo.jpg,geo
1326.jpg,original
1326_light.jpg,light
1326_camera.jpg,camera
1326_geo.jpg,geo
105.jpg,original
105_light.jpg,light
105_camera.jpg,camera
105_geo.jpg,geo
610.jpg,original
610_light.jpg,light
610_camera.jpg,camera
610_geo.jpg,geo
1035.jpg,original
1035_light.jpg,light
1035_camera.jpg,camera
1035_geo.jpg,geo
1034.jpg,original
1034_light.jpg,light
1034_camera.jpg,camera
1034_geo.jpg,geo
689.jpg,original
689_light.jpg,light
689_camera.jpg,camera
689_geo.jpg,geo
1671.jpg,original
1671_light.jpg,light
1671_camera.jpg,camera
1671_geo.jpg,geo
827.jpg,original
827_light.jpg,light
827_camera.jpg,camera
827_geo.jpg,geo
1274.jpg,original
1274_light.jpg,light
1274_camera.jpg,camera
1274_geo.jpg,geo
1090.jpg,original
1090_light.jpg,light
1090_camera.jpg,camera
1090_geo.jpg,geo
63.jpg,original
63_light.jpg,light
63_camera.jpg,camera
63_geo.jpg,geo
282.jpg,original
282_light.jpg,light
282_camera.jpg,camera
282_geo.jpg,geo
853.jpg,original
853_light.jpg,light
853_camera.jpg,camera
853_geo.jpg,geo
779.jpg,original
779_light.jpg,light
779_camera.jpg,camera
779_geo.jpg,geo
1672.jpg,original
1672_light.jpg,light
1672_camera.jpg,camera
1672_geo.jpg,geo
239.jpg,original
239_light.jpg,light
239_camera.jpg,camera
239_geo.jpg,geo
224.jpg,original
224_light.jpg,light
224_camera.jpg,camera
224_geo.jpg,geo
146.jpg,original
146_light.jpg,light
146_camera.jpg,camera
146_geo.jpg,geo
1562.jpg,original
1562_light.jpg,light
1562_camera.jpg,camera
1562_geo.jpg,geo
374.jpg,original
374_light.jpg,light
374_camera.jpg,camera
374_geo.jpg,geo
1367.jpg,original
1367_light.jpg,light
1367_camera.jpg,camera
1367_geo.jpg,geo
1189.jpg,original
1189_light.jpg,light
1189_camera.jpg,camera
1189_geo.jpg,geo
119.jpg,original
119_light.jpg,light
119_camera.jpg,camera
119_geo.jpg,geo
1488.jpg,original
1488_light.jpg,light
1488_camera.jpg,camera
1488_geo.jpg,geo
1379.jpg,original
1379_light.jpg,light
1379_camera.jpg,camera
1379_geo.jpg,geo
251.jpg,original
251_light.jpg,light
251_camera.jpg,camera
251_geo.jpg,geo
1614.jpg,original
1614_light.jpg,light
1614_camera.jpg,camera
1614_geo.jpg,geo
1344.jpg,original
1344_light.jpg,light
1344_camera.jpg,camera
1344_geo.jpg,geo
1209.jpg,original
1209_light.jpg,light
1209_camera.jpg,camera
1209_geo.jpg,geo
10.jpg,original
10_light.jpg,light
10_camera.jpg,camera
10_geo.jpg,geo
450.jpg,original
450_light.jpg,light
450_camera.jpg,camera
450_geo.jpg,geo
709.jpg,original
709_light.jpg,light
709_camera.jpg,camera
709_geo.jpg,geo
256.jpg,original
256_light.jpg,light
256_camera.jpg,camera
256_geo.jpg,geo
883.jpg,original
883_light.jpg,light
883_camera.jpg,camera
883_geo.jpg,geo
390.jpg,original
390_light.jpg,light
390_camera.jpg,camera
390_geo.jpg,geo
909.jpg,original
909_light.jpg,light
909_camera.jpg,camera
909_geo.jpg,geo
925.jpg,original
925_light.jpg,light
925_camera.jpg,camera
925_geo.jpg,geo
1433.jpg,original
1433_light.jpg,light
1433_camera.jpg,camera
1433_geo.jpg,geo
1041.jpg,original
1041_light.jpg,light
1041_camera.jpg,camera
1041_geo.jpg,geo
461.jpg,original
461_light.jpg,light
461_camera.jpg,camera
461_geo.jpg,geo
1399.jpg,original
1399_light.jpg,light
1399_camera.jpg,camera
1399_geo.jpg,geo
959.jpg,original
959_light.jpg,light
959_camera.jpg,camera
959_geo.jpg,geo
502.jpg,original
502_light.jpg,light
502_camera.jpg,camera
502_geo.jpg,geo
740.jpg,original
740_light.jpg,light
740_camera.jpg,camera
740_geo.jpg,geo
1545.jpg,original
1545_light.jpg,light
1545_camera.jpg,camera
1545_geo.jpg,geo
869.jpg,original
869_light.jpg,light
869_camera.jpg,camera
869_geo.jpg,geo
732.jpg,original
732_light.jpg,light
732_camera.jpg,camera
732_geo.jpg,geo
540.jpg,original
540_light.jpg,light
540_camera.jpg,camera
540_geo.jpg,geo
698.jpg,original
698_light.jpg,light
698_camera.jpg,camera
698_geo.jpg,geo
1166.jpg,original
1166_light.jpg,light
1166_camera.jpg,camera
1166_geo.jpg,geo
1152.jpg,original
1152_light.jpg,light
1152_camera.jpg,camera
1152_geo.jpg,geo
1032.jpg,original
1032_light.jpg,light
1032_camera.jpg,camera
1032_geo.jpg,geo
373.jpg,original
373_light.jpg,light
373_camera.jpg,camera
373_geo.jpg,geo
668.jpg,original
668_light.jpg,light
668_camera.jpg,camera
668_geo.jpg,geo
1310.jpg,original
1310_light.jpg,light
1310_camera.jpg,camera
1310_geo.jpg,geo
358.jpg,original
358_light.jpg,light
358_camera.jpg,camera
358_geo.jpg,geo
968.jpg,original
968_light.jpg,light
968_camera.jpg,camera
968_geo.jpg,geo
784.jpg,original
784_light.jpg,light
784_camera.jpg,camera
784_geo.jpg,geo
736.jpg,original
736_light.jpg,light
736_camera.jpg,camera
736_geo.jpg,geo
1036.jpg,original
1036_light.jpg,light
1036_camera.jpg,camera
1036_geo.jpg,geo
971.jpg,original
971_light.jpg,light
971_camera.jpg,camera
971_geo.jpg,geo
1279.jpg,original
1279_light.jpg,light
1279_camera.jpg,camera
1279_geo.jpg,geo
1331.jpg,original
1331_light.jpg,light
1331_camera.jpg,camera
1331_geo.jpg,geo
1248.jpg,original
1248_light.jpg,light
1248_camera.jpg,camera
1248_geo.jpg,geo
1423.jpg,original
1423_light.jpg,light
1423_camera.jpg,camera
1423_geo.jpg,geo
1443.jpg,original
1443_light.jpg,light
1443_camera.jpg,camera
1443_geo.jpg,geo
886.jpg,original
886_light.jpg,light
886_camera.jpg,camera
886_geo.jpg,geo
80.jpg,original
80_light.jpg,light
80_camera.jpg,camera
80_geo.jpg,geo
815.jpg,original
815_light.jpg,light
815_camera.jpg,camera
815_geo.jpg,geo
1669.jpg,original
1669_light.jpg,light
1669_camera.jpg,camera
1669_geo.jpg,geo
672.jpg,original
672_light.jpg,light
672_camera.jpg,camera
672_geo.jpg,geo
1286.jpg,original
1286_light.jpg,light
1286_camera.jpg,camera
1286_geo.jpg,geo
58.jpg,original
58_light.jpg,light
58_camera.jpg,camera
58_geo.jpg,geo
134.jpg,original
134_light.jpg,light
134_camera.jpg,camera
134_geo.jpg,geo
934.jpg,original
934_light.jpg,light
934_camera.jpg,camera
934_geo.jpg,geo
1415.jpg,original
1415_light.jpg,light
1415_camera.jpg,camera
1415_geo.jpg,geo
824.jpg,original
824_light.jpg,light
824_camera.jpg,camera
824_geo.jpg,geo
505.jpg,original
505_light.jpg,light
505_camera.jpg,camera
505_geo.jpg,geo
1487.jpg,original
1487_light.jpg,light
1487_camera.jpg,camera
1487_geo.jpg,geo
348.jpg,original
348_light.jpg,light
348_camera.jpg,camera
348_geo.jpg,geo
387.jpg,original
387_light.jpg,light
387_camera.jpg,camera
387_geo.jpg,geo
1025.jpg,original
1025_light.jpg,light
1025_camera.jpg,camera
1025_geo.jpg,geo
895.jpg,original
895_light.jpg,light
895_camera.jpg,camera
895_geo.jpg,geo
829.jpg,original
829_light.jpg,light
829_camera.jpg,camera
829_geo.jpg,geo
1587.jpg,original
1587_light.jpg,light
1587_camera.jpg,camera
1587_geo.jpg,geo
476.jpg,original
476_light.jpg,light
476_camera.jpg,camera
476_geo.jpg,geo
1170.jpg,original
1170_light.jpg,light
1170_camera.jpg,camera
1170_geo.jpg,geo
653.jpg,original
653_light.jpg,light
653_camera.jpg,camera
653_geo.jpg,geo
173.jpg,original
173_light.jpg,light
173_camera.jpg,camera
173_geo.jpg,geo
39.jpg,original
39_light.jpg,light
39_camera.jpg,camera
39_geo.jpg,geo
714.jpg,original
714_light.jpg,light
714_camera.jpg,camera
714_geo.jpg,geo
91.jpg,original
91_light.jpg,light
91_camera.jpg,camera
91_geo.jpg,geo
1620.jpg,original
1620_light.jpg,light
1620_camera.jpg,camera
1620_geo.jpg,geo
876.jpg,original
876_light.jpg,light
876_camera.jpg,camera
876_geo.jpg,geo
1129.jpg,original
1129_light.jpg,light
1129_camera.jpg,camera
1129_geo.jpg,geo
1316.jpg,original
1316_light.jpg,light
1316_camera.jpg,camera
1316_geo.jpg,geo
1638.jpg,original
1638_light.jpg,light
1638_camera.jpg,camera
1638_geo.jpg,geo
500.jpg,original
500_light.jpg,light
500_camera.jpg,camera
500_geo.jpg,geo
339.jpg,original
339_light.jpg,light
339_camera.jpg,camera
339_geo.jpg,geo
29.jpg,original
29_light.jpg,light
29_camera.jpg,camera
29_geo.jpg,geo
1109.jpg,original
1109_light.jpg,light
1109_camera.jpg,camera
1109_geo.jpg,geo
1521.jpg,original
1521_light.jpg,light
1521_camera.jpg,camera
1521_geo.jpg,geo
946.jpg,original
946_light.jpg,light
946_camera.jpg,camera
946_geo.jpg,geo
170.jpg,original
170_light.jpg,light
170_camera.jpg,camera
170_geo.jpg,geo
913.jpg,original
913_light.jpg,light
913_camera.jpg,camera
913_geo.jpg,geo
492.jpg,original
492_light.jpg,light
492_camera.jpg,camera
492_geo.jpg,geo
954.jpg,original
954_light.jpg,light
954_camera.jpg,camera
954_geo.jpg,geo
1098.jpg,original
1098_light.jpg,light
1098_camera.jpg,camera
1098_geo.jpg,geo
1033.jpg,original
1033_light.jpg,light
1033_camera.jpg,camera
1033_geo.jpg,geo
588.jpg,original
588_light.jpg,light
588_camera.jpg,camera
588_geo.jpg,geo
751.jpg,original
751_light.jpg,light
751_camera.jpg,camera
751_geo.jpg,geo
658.jpg,original
658_light.jpg,light
658_camera.jpg,camera
658_geo.jpg,geo
235.jpg,original
235_light.jpg,light
235_camera.jpg,camera
235_geo.jpg,geo
733.jpg,original
733_light.jpg,light
733_camera.jpg,camera
733_geo.jpg,geo
1229.jpg,original
1229_light.jpg,light
1229_camera.jpg,camera
1229_geo.jpg,geo
1366.jpg,original
1366_light.jpg,light
1366_camera.jpg,camera
1366_geo.jpg,geo
935.jpg,original
935_light.jpg,light
935_camera.jpg,camera
935_geo.jpg,geo
1066.jpg,original
1066_light.jpg,light
1066_camera.jpg,camera
1066_geo.jpg,geo
109.jpg,original
109_light.jpg,light
109_camera.jpg,camera
109_geo.jpg,geo
1581.jpg,original
1581_light.jpg,light
1581_camera.jpg,camera
1581_geo.jpg,geo
569.jpg,original
569_light.jpg,light
569_camera.jpg,camera
569_geo.jpg,geo
891.jpg,original
891_light.jpg,light
891_camera.jpg,camera
891_geo.jpg,geo
948.jpg,original
948_light.jpg,light
948_camera.jpg,camera
948_geo.jpg,geo
1049.jpg,original
1049_light.jpg,light
1049_camera.jpg,camera
1049_geo.jpg,geo
1240.jpg,original
1240_light.jpg,light
1240_camera.jpg,camera
1240_geo.jpg,geo
1210.jpg,original
1210_light.jpg,light
1210_camera.jpg,camera
1210_geo.jpg,geo
885.jpg,original
885_light.jpg,light
885_camera.jpg,camera
885_geo.jpg,geo
1406.jpg,original
1406_light.jpg,light
1406_camera.jpg,camera
1406_geo.jpg,geo
851.jpg,original
851_light.jpg,light
851_camera.jpg,camera
851_geo.jpg,geo
735.jpg,original
735_light.jpg,light
735_camera.jpg,camera
735_geo.jpg,geo
718.jpg,original
718_light.jpg,light
718_camera.jpg,camera
718_geo.jpg,geo
455.jpg,original
455_light.jpg,light
455_camera.jpg,camera
455_geo.jpg,geo
265.jpg,original
265_light.jpg,light
265_camera.jpg,camera
265_geo.jpg,geo
76.jpg,original
76_light.jpg,light
76_camera.jpg,camera
76_geo.jpg,geo
445.jpg,original
445_light.jpg,light
445_camera.jpg,camera
445_geo.jpg,geo
396.jpg,original
396_light.jpg,light
396_camera.jpg,camera
396_geo.jpg,geo
177.jpg,original
177_light.jpg,light
177_camera.jpg,camera
177_geo.jpg,geo
1043.jpg,original
1043_light.jpg,light
1043_camera.jpg,camera
1043_geo.jpg,geo
1458.jpg,original
1458_light.jpg,light
1458_camera.jpg,camera
1458_geo.jpg,geo
1173.jpg,original
1173_light.jpg,light
1173_camera.jpg,camera
1173_geo.jpg,geo
1388.jpg,original
1388_light.jpg,light
1388_camera.jpg,camera
1388_geo.jpg,geo
596.jpg,original
596_light.jpg,light
596_camera.jpg,camera
596_geo.jpg,geo
62.jpg,original
62_light.jpg,light
62_camera.jpg,camera
62_geo.jpg,geo
873.jpg,original
873_light.jpg,light
873_camera.jpg,camera
873_geo.jpg,geo
1247.jpg,original
1247_light.jpg,light
1247_camera.jpg,camera
1247_geo.jpg,geo
1570.jpg,original
1570_light.jpg,light
1570_camera.jpg,camera
1570_geo.jpg,geo
279.jpg,original
279_light.jpg,light
279_camera.jpg,camera
279_geo.jpg,geo
37.jpg,original
37_light.jpg,light
37_camera.jpg,camera
37_geo.jpg,geo
663.jpg,original
663_light.jpg,light
663_camera.jpg,camera
663_geo.jpg,geo
1510.jpg,original
1510_light.jpg,light
1510_camera.jpg,camera
1510_geo.jpg,geo
1442.jpg,original
1442_light.jpg,light
1442_camera.jpg,camera
1442_geo.jpg,geo
978.jpg,original
978_light.jpg,light
978_camera.jpg,camera
978_geo.jpg,geo
1319.jpg,original
1319_light.jpg,light
1319_camera.jpg,camera
1319_geo.jpg,geo
739.jpg,original
739_light.jpg,light
739_camera.jpg,camera
739_geo.jpg,geo
192.jpg,original
192_light.jpg,light
192_camera.jpg,camera
192_geo.jpg,geo
920.jpg,original
920_light.jpg,light
920_camera.jpg,camera
920_geo.jpg,geo
457.jpg,original
457_light.jpg,light
457_camera.jpg,camera
457_geo.jpg,geo
676.jpg,original
676_light.jpg,light
676_camera.jpg,camera
676_geo.jpg,geo
761.jpg,original
761_light.jpg,light
761_camera.jpg,camera
761_geo.jpg,geo
1511.jpg,original
1511_light.jpg,light
1511_camera.jpg,camera
1511_geo.jpg,geo
729.jpg,original
729_light.jpg,light
729_camera.jpg,camera
729_geo.jpg,geo
413.jpg,original
413_light.jpg,light
413_camera.jpg,camera
413_geo.jpg,geo
1099.jpg,original
1099_light.jpg,light
1099_camera.jpg,camera
1099_geo.jpg,geo
826.jpg,original
826_light.jpg,light
826_camera.jpg,camera
826_geo.jpg,geo
617.jpg,original
617_light.jpg,light
617_camera.jpg,camera
617_geo.jpg,geo
115.jpg,original
115_light.jpg,light
115_camera.jpg,camera
115_geo.jpg,geo
418.jpg,original
418_light.jpg,light
418_camera.jpg,camera
418_geo.jpg,geo
1595.jpg,original
1595_light.jpg,light
1595_camera.jpg,camera
1595_geo.jpg,geo
970.jpg,original
970_light.jpg,light
970_camera.jpg,camera
970_geo.jpg,geo
605.jpg,original
605_light.jpg,light
605_camera.jpg,camera
605_geo.jpg,geo
1602.jpg,original
1602_light.jpg,light
1602_camera.jpg,camera
1602_geo.jpg,geo
90.jpg,original
90_light.jpg,light
90_camera.jpg,camera
90_geo.jpg,geo
849.jpg,original
849_light.jpg,light
849_camera.jpg,camera
849_geo.jpg,geo
1275.jpg,original
1275_light.jpg,light
1275_camera.jpg,camera
1275_geo.jpg,geo
1601.jpg,original
1601_light.jpg,light
1601_camera.jpg,camera
1601_geo.jpg,geo
754.jpg,original
754_light.jpg,light
754_camera.jpg,camera
754_geo.jpg,geo
499.jpg,original
499_light.jpg,light
499_camera.jpg,camera
499_geo.jpg,geo
12.jpg,original
12_light.jpg,light
12_camera.jpg,camera
12_geo.jpg,geo
397.jpg,original
397_light.jpg,light
397_camera.jpg,camera
397_geo.jpg,geo
285.jpg,original
285_light.jpg,light
285_camera.jpg,camera
285_geo.jpg,geo
1067.jpg,original
1067_light.jpg,light
1067_camera.jpg,camera
1067_geo.jpg,geo
691.jpg,original
691_light.jpg,light
691_camera.jpg,camera
691_geo.jpg,geo
1369.jpg,original
1369_light.jpg,light
1369_camera.jpg,camera
1369_geo.jpg,geo
1567.jpg,original
1567_light.jpg,light
1567_camera.jpg,camera
1567_geo.jpg,geo
690.jpg,original
690_light.jpg,light
690_camera.jpg,camera
690_geo.jpg,geo
852.jpg,original
852_light.jpg,light
852_camera.jpg,camera
852_geo.jpg,geo
160.jpg,original
160_light.jpg,light
160_camera.jpg,camera
160_geo.jpg,geo
896.jpg,original
896_light.jpg,light
896_camera.jpg,camera
896_geo.jpg,geo
1323.jpg,original
1323_light.jpg,light
1323_camera.jpg,camera
1323_geo.jpg,geo
258.jpg,original
258_light.jpg,light
258_camera.jpg,camera
258_geo.jpg,geo
336.jpg,original
336_light.jpg,light
336_camera.jpg,camera
336_geo.jpg,geo
1571.jpg,original
1571_light.jpg,light
1571_camera.jpg,camera
1571_geo.jpg,geo
1040.jpg,original
1040_light.jpg,light
1040_camera.jpg,camera
1040_geo.jpg,geo
516.jpg,original
516_light.jpg,light
516_camera.jpg,camera
516_geo.jpg,geo
1016.jpg,original
1016_light.jpg,light
1016_camera.jpg,camera
1016_geo.jpg,geo
769.jpg,original
769_light.jpg,light
769_camera.jpg,camera
769_geo.jpg,geo
1466.jpg,original
1466_light.jpg,light
1466_camera.jpg,camera
1466_geo.jpg,geo
762.jpg,original
762_light.jpg,light
762_camera.jpg,camera
762_geo.jpg,geo
1227.jpg,original
1227_light.jpg,light
1227_camera.jpg,camera
1227_geo.jpg,geo
1661.jpg,original
1661_light.jpg,light
1661_camera.jpg,camera
1661_geo.jpg,geo
522.jpg,original
522_light.jpg,light
522_camera.jpg,camera
522_geo.jpg,geo
23.jpg,original
23_light.jpg,light
23_camera.jpg,camera
23_geo.jpg,geo
357.jpg,original
357_light.jpg,light
357_camera.jpg,camera
357_geo.jpg,geo
1594.jpg,original
1594_light.jpg,light
1594_camera.jpg,camera
1594_geo.jpg,geo
341.jpg,original
341_light.jpg,light
341_camera.jpg,camera
341_geo.jpg,geo
432.jpg,original
432_light.jpg,light
432_camera.jpg,camera
432_geo.jpg,geo
474.jpg,original
474_light.jpg,light
474_camera.jpg,camera
474_geo.jpg,geo
218.jpg,original
218_light.jpg,light
218_camera.jpg,camera
218_geo.jpg,geo
912.jpg,original
912_light.jpg,light
912_camera.jpg,camera
912_geo.jpg,geo
1340.jpg,original
1340_light.jpg,light
1340_camera.jpg,camera
1340_geo.jpg,geo
1012.jpg,original
1012_light.jpg,light
1012_camera.jpg,camera
1012_geo.jpg,geo
1631.jpg,original
1631_light.jpg,light
1631_camera.jpg,camera
1631_geo.jpg,geo
94.jpg,original
94_light.jpg,light
94_camera.jpg,camera
94_geo.jpg,geo
1009.jpg,original
1009_light.jpg,light
1009_camera.jpg,camera
1009_geo.jpg,geo
1071.jpg,original
1071_light.jpg,light
1071_camera.jpg,camera
1071_geo.jpg,geo
1093.jpg,original
1093_light.jpg,light
1093_camera.jpg,camera
1093_geo.jpg,geo
697.jpg,original
697_light.jpg,light
697_camera.jpg,camera
697_geo.jpg,geo
1499.jpg,original
1499_light.jpg,light
1499_camera.jpg,camera
1499_geo.jpg,geo
997.jpg,original
997_light.jpg,light
997_camera.jpg,camera
997_geo.jpg,geo
154.jpg,original
154_light.jpg,light
154_camera.jpg,camera
154_geo.jpg,geo
1100.jpg,original
1100_light.jpg,light
1100_camera.jpg,camera
1100_geo.jpg,geo
1445.jpg,original
1445_light.jpg,light
1445_camera.jpg,camera
1445_geo.jpg,geo
1674.jpg,original
1674_light.jpg,light
1674_camera.jpg,camera
1674_geo.jpg,geo
790.jpg,original
790_light.jpg,light
790_camera.jpg,camera
790_geo.jpg,geo
581.jpg,original
581_light.jpg,light
581_camera.jpg,camera
581_geo.jpg,geo
704.jpg,original
704_light.jpg,light
704_camera.jpg,camera
704_geo.jpg,geo
1213.jpg,original
1213_light.jpg,light
1213_camera.jpg,camera
1213_geo.jpg,geo
1400.jpg,original
1400_light.jpg,light
1400_camera.jpg,camera
1400_geo.jpg,geo
488.jpg,original
488_light.jpg,light
488_camera.jpg,camera
488_geo.jpg,geo
560.jpg,original
560_light.jpg,light
560_camera.jpg,camera
560_geo.jpg,geo
1142.jpg,original
1142_light.jpg,light
1142_camera.jpg,camera
1142_geo.jpg,geo
1120.jpg,original
1120_light.jpg,light
1120_camera.jpg,camera
1120_geo.jpg,geo
802.jpg,original
802_light.jpg,light
802_camera.jpg,camera
802_geo.jpg,geo
513.jpg,original
513_light.jpg,light
513_camera.jpg,camera
513_geo.jpg,geo
634.jpg,original
634_light.jpg,light
634_camera.jpg,camera
634_geo.jpg,geo
1236.jpg,original
1236_light.jpg,light
1236_camera.jpg,camera
1236_geo.jpg,geo
1495.jpg,original
1495_light.jpg,light
1495_camera.jpg,camera
1495_geo.jpg,geo
1151.jpg,original
1151_light.jpg,light
1151_camera.jpg,camera
1151_geo.jpg,geo
791.jpg,original
791_light.jpg,light
791_camera.jpg,camera
791_geo.jpg,geo
117.jpg,original
117_light.jpg,light
117_camera.jpg,camera
117_geo.jpg,geo
741.jpg,original
741_light.jpg,light
741_camera.jpg,camera
741_geo.jpg,geo
1082.jpg,original
1082_light.jpg,light
1082_camera.jpg,camera
1082_geo.jpg,geo
831.jpg,original
831_light.jpg,light
831_camera.jpg,camera
831_geo.jpg,geo
120.jpg,original
120_light.jpg,light
120_camera.jpg,camera
120_geo.jpg,geo
657.jpg,original
657_light.jpg,light
657_camera.jpg,camera
657_geo.jpg,geo
1592.jpg,original
1592_light.jpg,light
1592_camera.jpg,camera
1592_geo.jpg,geo
636.jpg,original
636_light.jpg,light
636_camera.jpg,camera
636_geo.jpg,geo
370.jpg,original
370_light.jpg,light
370_camera.jpg,camera
370_geo.jpg,geo
269.jpg,original
269_light.jpg,light
269_camera.jpg,camera
269_geo.jpg,geo
656.jpg,original
656_light.jpg,light
656_camera.jpg,camera
656_geo.jpg,geo
936.jpg,original
936_light.jpg,light
936_camera.jpg,camera
936_geo.jpg,geo
823.jpg,original
823_light.jpg,light
823_camera.jpg,camera
823_geo.jpg,geo
867.jpg,original
867_light.jpg,light
867_camera.jpg,camera
867_geo.jpg,geo
47.jpg,original
47_light.jpg,light
47_camera.jpg,camera
47_geo.jpg,geo
1436.jpg,original
1436_light.jpg,light
1436_camera.jpg,camera
1436_geo.jpg,geo
992.jpg,original
992_light.jpg,light
992_camera.jpg,camera
992_geo.jpg,geo
877.jpg,original
877_light.jpg,light
877_camera.jpg,camera
877_geo.jpg,geo
774.jpg,original
774_light.jpg,light
774_camera.jpg,camera
774_geo.jpg,geo
1220.jpg,original
1220_light.jpg,light
1220_camera.jpg,camera
1220_geo.jpg,geo
1676.jpg,original
1676_light.jpg,light
1676_camera.jpg,camera
1676_geo.jpg,geo
5.jpg,original
5_light.jpg,light
5_camera.jpg,camera
5_geo.jpg,geo
1004.jpg,original
1004_light.jpg,light
1004_camera.jpg,camera
1004_geo.jpg,geo
1448.jpg,original
1448_light.jpg,light
1448_camera.jpg,camera
1448_geo.jpg,geo
264.jpg,original
264_light.jpg,light
264_camera.jpg,camera
264_geo.jpg,geo
1317.jpg,original
1317_light.jpg,light
1317_camera.jpg,camera
1317_geo.jpg,geo
1530.jpg,original
1530_light.jpg,light
1530_camera.jpg,camera
1530_geo.jpg,geo
444.jpg,original
444_light.jpg,light
444_camera.jpg,camera
444_geo.jpg,geo
1003.jpg,original
1003_light.jpg,light
1003_camera.jpg,camera
1003_geo.jpg,geo
1078.jpg,original
1078_light.jpg,light
1078_camera.jpg,camera
1078_geo.jpg,geo
838.jpg,original
838_light.jpg,light
838_camera.jpg,camera
838_geo.jpg,geo
1497.jpg,original
1497_light.jpg,light
1497_camera.jpg,camera
1497_geo.jpg,geo
305.jpg,original
305_light.jpg,light
305_camera.jpg,camera
305_geo.jpg,geo
1306.jpg,original
1306_light.jpg,light
1306_camera.jpg,camera
1306_geo.jpg,geo
314.jpg,original
314_light.jpg,light
314_camera.jpg,camera
314_geo.jpg,geo
150.jpg,original
150_light.jpg,light
150_camera.jpg,camera
150_geo.jpg,geo
1149.jpg,original
1149_light.jpg,light
1149_camera.jpg,camera
1149_geo.jpg,geo
1214.jpg,original
1214_light.jpg,light
1214_camera.jpg,camera
1214_geo.jpg,geo
575.jpg,original
575_light.jpg,light
575_camera.jpg,camera
575_geo.jpg,geo
51.jpg,original
51_light.jpg,light
51_camera.jpg,camera
51_geo.jpg,geo
1303.jpg,original
1303_light.jpg,light
1303_camera.jpg,camera
1303_geo.jpg,geo
727.jpg,original
727_light.jpg,light
727_camera.jpg,camera
727_geo.jpg,geo
834.jpg,original
834_light.jpg,light
834_camera.jpg,camera
834_geo.jpg,geo
1116.jpg,original
1116_light.jpg,light
1116_camera.jpg,camera
1116_geo.jpg,geo
1167.jpg,original
1167_light.jpg,light
1167_camera.jpg,camera
1167_geo.jpg,geo
471.jpg,original
471_light.jpg,light
471_camera.jpg,camera
471_geo.jpg,geo
972.jpg,original
972_light.jpg,light
972_camera.jpg,camera
972_geo.jpg,geo
654.jpg,original
654_light.jpg,light
654_camera.jpg,camera
654_geo.jpg,geo
400.jpg,original
400_light.jpg,light
400_camera.jpg,camera
400_geo.jpg,geo
512.jpg,original
512_light.jpg,light
512_camera.jpg,camera
512_geo.jpg,geo
321.jpg,original
321_light.jpg,light
321_camera.jpg,camera
321_geo.jpg,geo
20.jpg,original
20_light.jpg,light
20_camera.jpg,camera
20_geo.jpg,geo
685.jpg,original
685_light.jpg,light
685_camera.jpg,camera
685_geo.jpg,geo
36.jpg,original
36_light.jpg,light
36_camera.jpg,camera
36_geo.jpg,geo
903.jpg,original
903_light.jpg,light
903_camera.jpg,camera
903_geo.jpg,geo
828.jpg,original
828_light.jpg,light
828_camera.jpg,camera
828_geo.jpg,geo
1502.jpg,original
1502_light.jpg,light
1502_camera.jpg,camera
1502_geo.jpg,geo
408.jpg,original
408_light.jpg,light
408_camera.jpg,camera
408_geo.jpg,geo
921.jpg,original
921_light.jpg,light
921_camera.jpg,camera
921_geo.jpg,geo
538.jpg,original
538_light.jpg,light
538_camera.jpg,camera
538_geo.jpg,geo
759.jpg,original
759_light.jpg,light
759_camera.jpg,camera
759_geo.jpg,geo
1063.jpg,original
1063_light.jpg,light
1063_camera.jpg,camera
1063_geo.jpg,geo
1200.jpg,original
1200_light.jpg,light
1200_camera.jpg,camera
1200_geo.jpg,geo
246.jpg,original
246_light.jpg,light
246_camera.jpg,camera
246_geo.jpg,geo
1128.jpg,original
1128_light.jpg,light
1128_camera.jpg,camera
1128_geo.jpg,geo
785.jpg,original
785_light.jpg,light
785_camera.jpg,camera
785_geo.jpg,geo
490.jpg,original
490_light.jpg,light
490_camera.jpg,camera
490_geo.jpg,geo
155.jpg,original
155_light.jpg,light
155_camera.jpg,camera
155_geo.jpg,geo
962.jpg,original
962_light.jpg,light
962_camera.jpg,camera
962_geo.jpg,geo
854.jpg,original
854_light.jpg,light
854_camera.jpg,camera
854_geo.jpg,geo
626.jpg,original
626_light.jpg,light
626_camera.jpg,camera
626_geo.jpg,geo
686.jpg,original
686_light.jpg,light
686_camera.jpg,camera
686_geo.jpg,geo
570.jpg,original
570_light.jpg,light
570_camera.jpg,camera
570_geo.jpg,geo
1593.jpg,original
1593_light.jpg,light
1593_camera.jpg,camera
1593_geo.jpg,geo
18.jpg,original
18_light.jpg,light
18_camera.jpg,camera
18_geo.jpg,geo
128.jpg,original
128_light.jpg,light
128_camera.jpg,camera
128_geo.jpg,geo
1280.jpg,original
1280_light.jpg,light
1280_camera.jpg,camera
1280_geo.jpg,geo
1648.jpg,original
1648_light.jpg,light
1648_camera.jpg,camera
1648_geo.jpg,geo
928.jpg,original
928_light.jpg,light
928_camera.jpg,camera
928_geo.jpg,geo
981.jpg,original
981_light.jpg,light
981_camera.jpg,camera
981_geo.jpg,geo
1644.jpg,original
1644_light.jpg,light
1644_camera.jpg,camera
1644_geo.jpg,geo
191.jpg,original
191_light.jpg,light
191_camera.jpg,camera
191_geo.jpg,geo
1140.jpg,original
1140_light.jpg,light
1140_camera.jpg,camera
1140_geo.jpg,geo
993.jpg,original
993_light.jpg,light
993_camera.jpg,camera
993_geo.jpg,geo
1636.jpg,original
1636_light.jpg,light
1636_camera.jpg,camera
1636_geo.jpg,geo
1607.jpg,original
1607_light.jpg,light
1607_camera.jpg,camera
1607_geo.jpg,geo
607.jpg,original
607_light.jpg,light
607_camera.jpg,camera
607_geo.jpg,geo
181.jpg,original
181_light.jpg,light
181_camera.jpg,camera
181_geo.jpg,geo
302.jpg,original
302_light.jpg,light
302_camera.jpg,camera
302_geo.jpg,geo
497.jpg,original
497_light.jpg,light
497_camera.jpg,camera
497_geo.jpg,geo
1437.jpg,original
1437_light.jpg,light
1437_camera.jpg,camera
1437_geo.jpg,geo
1396.jpg,original
1396_light.jpg,light
1396_camera.jpg,camera
1396_geo.jpg,geo
1376.jpg,original
1376_light.jpg,light
1376_camera.jpg,camera
1376_geo.jpg,geo
518.jpg,original
518_light.jpg,light
518_camera.jpg,camera
518_geo.jpg,geo
1070.jpg,original
1070_light.jpg,light
1070_camera.jpg,camera
1070_geo.jpg,geo
477.jpg,original
477_light.jpg,light
477_camera.jpg,camera
477_geo.jpg,geo
158.jpg,original
158_light.jpg,light
158_camera.jpg,camera
158_geo.jpg,geo
1244.jpg,original
1244_light.jpg,light
1244_camera.jpg,camera
1244_geo.jpg,geo
1196.jpg,original
1196_light.jpg,light
1196_camera.jpg,camera
1196_geo.jpg,geo
17.jpg,original
17_light.jpg,light
17_camera.jpg,camera
17_geo.jpg,geo
1073.jpg,original
1073_light.jpg,light
1073_camera.jpg,camera
1073_geo.jpg,geo
1651.jpg,original
1651_light.jpg,light
1651_camera.jpg,camera
1651_geo.jpg,geo
547.jpg,original
547_light.jpg,light
547_camera.jpg,camera
547_geo.jpg,geo
659.jpg,original
659_light.jpg,light
659_camera.jpg,camera
659_geo.jpg,geo
1491.jpg,original
1491_light.jpg,light
1491_camera.jpg,camera
1491_geo.jpg,geo
1020.jpg,original
1020_light.jpg,light
1020_camera.jpg,camera
1020_geo.jpg,geo
1662.jpg,original
1662_light.jpg,light
1662_camera.jpg,camera
1662_geo.jpg,geo
960.jpg,original
960_light.jpg,light
960_camera.jpg,camera
960_geo.jpg,geo
1573.jpg,original
1573_light.jpg,light
1573_camera.jpg,camera
1573_geo.jpg,geo
284.jpg,original
284_light.jpg,light
284_camera.jpg,camera
284_geo.jpg,geo
798.jpg,original
798_light.jpg,light
798_camera.jpg,camera
798_geo.jpg,geo
1365.jpg,original
1365_light.jpg,light
1365_camera.jpg,camera
1365_geo.jpg,geo
226.jpg,original
226_light.jpg,light
226_camera.jpg,camera
226_geo.jpg,geo
27.jpg,original
27_light.jpg,light
27_camera.jpg,camera
27_geo.jpg,geo
1664.jpg,original
1664_light.jpg,light
1664_camera.jpg,camera
1664_geo.jpg,geo
438.jpg,original
438_light.jpg,light
438_camera.jpg,camera
438_geo.jpg,geo
1630.jpg,original
1630_light.jpg,light
1630_camera.jpg,camera
1630_geo.jpg,geo
230.jpg,original
230_light.jpg,light
230_camera.jpg,camera
230_geo.jpg,geo
38.jpg,original
38_light.jpg,light
38_camera.jpg,camera
38_geo.jpg,geo
750.jpg,original
750_light.jpg,light
750_camera.jpg,camera
750_geo.jpg,geo
1046.jpg,original
1046_light.jpg,light
1046_camera.jpg,camera
1046_geo.jpg,geo
470.jpg,original
470_light.jpg,light
470_camera.jpg,camera
470_geo.jpg,geo
1422.jpg,original
1422_light.jpg,light
1422_camera.jpg,camera
1422_geo.jpg,geo
1647.jpg,original
1647_light.jpg,light
1647_camera.jpg,camera
1647_geo.jpg,geo
688.jpg,original
688_light.jpg,light
688_camera.jpg,camera
688_geo.jpg,geo
1539.jpg,original
1539_light.jpg,light
1539_camera.jpg,camera
1539_geo.jpg,geo
640.jpg,original
640_light.jpg,light
640_camera.jpg,camera
640_geo.jpg,geo
1446.jpg,original
1446_light.jpg,light
1446_camera.jpg,camera
1446_geo.jpg,geo
1219.jpg,original
1219_light.jpg,light
1219_camera.jpg,camera
1219_geo.jpg,geo
1159.jpg,original
1159_light.jpg,light
1159_camera.jpg,camera
1159_geo.jpg,geo
1390.jpg,original
1390_light.jpg,light
1390_camera.jpg,camera
1390_geo.jpg,geo
1301.jpg,original
1301_light.jpg,light
1301_camera.jpg,camera
1301_geo.jpg,geo
1554.jpg,original
1554_light.jpg,light
1554_camera.jpg,camera
1554_geo.jpg,geo
801.jpg,original
801_light.jpg,light
801_camera.jpg,camera
801_geo.jpg,geo
161.jpg,original
161_light.jpg,light
161_camera.jpg,camera
161_geo.jpg,geo
957.jpg,original
957_light.jpg,light
957_camera.jpg,camera
957_geo.jpg,geo
1187.jpg,original
1187_light.jpg,light
1187_camera.jpg,camera
1187_geo.jpg,geo
822.jpg,original
822_light.jpg,light
822_camera.jpg,camera
822_geo.jpg,geo
1413.jpg,original
1413_light.jpg,light
1413_camera.jpg,camera
1413_geo.jpg,geo
878.jpg,original
878_light.jpg,light
878_camera.jpg,camera
878_geo.jpg,geo
914.jpg,original
914_light.jpg,light
914_camera.jpg,camera
914_geo.jpg,geo
153.jpg,original
153_light.jpg,light
153_camera.jpg,camera
153_geo.jpg,geo
1534.jpg,original
1534_light.jpg,light
1534_camera.jpg,camera
1534_geo.jpg,geo
510.jpg,original
510_light.jpg,light
510_camera.jpg,camera
510_geo.jpg,geo
1136.jpg,original
1136_light.jpg,light
1136_camera.jpg,camera
1136_geo.jpg,geo
1251.jpg,original
1251_light.jpg,light
1251_camera.jpg,camera
1251_geo.jpg,geo
1469.jpg,original
1469_light.jpg,light
1469_camera.jpg,camera
1469_geo.jpg,geo
104.jpg,original
104_light.jpg,light
104_camera.jpg,camera
104_geo.jpg,geo
587.jpg,original
587_light.jpg,light
587_camera.jpg,camera
587_geo.jpg,geo
1481.jpg,original
1481_light.jpg,light
1481_camera.jpg,camera
1481_geo.jpg,geo
1144.jpg,original
1144_light.jpg,light
1144_camera.jpg,camera
1144_geo.jpg,geo
54.jpg,original
54_light.jpg,light
54_camera.jpg,camera
54_geo.jpg,geo
152.jpg,original
152_light.jpg,light
152_camera.jpg,camera
152_geo.jpg,geo
404.jpg,original
404_light.jpg,light
404_camera.jpg,camera
404_geo.jpg,geo
1625.jpg,original
1625_light.jpg,light
1625_camera.jpg,camera
1625_geo.jpg,geo
208.jpg,original
208_light.jpg,light
208_camera.jpg,camera
208_geo.jpg,geo
1582.jpg,original
1582_light.jpg,light
1582_camera.jpg,camera
1582_geo.jpg,geo
1123.jpg,original
1123_light.jpg,light
1123_camera.jpg,camera
1123_geo.jpg,geo
1468.jpg,original
1468_light.jpg,light
1468_camera.jpg,camera
1468_geo.jpg,geo
9.jpg,original
9_light.jpg,light
9_camera.jpg,camera
9_geo.jpg,geo
1015.jpg,original
1015_light.jpg,light
1015_camera.jpg,camera
1015_geo.jpg,geo
1629.jpg,original
1629_light.jpg,light
1629_camera.jpg,camera
1629_geo.jpg,geo
1061.jpg,original
1061_light.jpg,light
1061_camera.jpg,camera
1061_geo.jpg,geo
453.jpg,original
453_light.jpg,light
453_camera.jpg,camera
453_geo.jpg,geo
254.jpg,original
254_light.jpg,light
254_camera.jpg,camera
254_geo.jpg,geo
1328.jpg,original
1328_light.jpg,light
1328_camera.jpg,camera
1328_geo.jpg,geo
897.jpg,original
897_light.jpg,light
897_camera.jpg,camera
897_geo.jpg,geo
1456.jpg,original
1456_light.jpg,light
1456_camera.jpg,camera
1456_geo.jpg,geo
881.jpg,original
881_light.jpg,light
881_camera.jpg,camera
881_geo.jpg,geo
1577.jpg,original
1577_light.jpg,light
1577_camera.jpg,camera
1577_geo.jpg,geo
624.jpg,original
624_light.jpg,light
624_camera.jpg,camera
624_geo.jpg,geo
346.jpg,original
346_light.jpg,light
346_camera.jpg,camera
346_geo.jpg,geo
1432.jpg,original
1432_light.jpg,light
1432_camera.jpg,camera
1432_geo.jpg,geo
263.jpg,original
263_light.jpg,light
263_camera.jpg,camera
263_geo.jpg,geo
1322.jpg,original
1322_light.jpg,light
1322_camera.jpg,camera
1322_geo.jpg,geo
151.jpg,original
151_light.jpg,light
151_camera.jpg,camera
151_geo.jpg,geo
473.jpg,original
473_light.jpg,light
473_camera.jpg,camera
473_geo.jpg,geo
641.jpg,original
641_light.jpg,light
641_camera.jpg,camera
641_geo.jpg,geo
1660.jpg,original
1660_light.jpg,light
1660_camera.jpg,camera
1660_geo.jpg,geo
1574.jpg,original
1574_light.jpg,light
1574_camera.jpg,camera
1574_geo.jpg,geo
551.jpg,original
551_light.jpg,light
551_camera.jpg,camera
551_geo.jpg,geo
929.jpg,original
929_light.jpg,light
929_camera.jpg,camera
929_geo.jpg,geo
489.jpg,original
489_light.jpg,light
489_camera.jpg,camera
489_geo.jpg,geo
1515.jpg,original
1515_light.jpg,light
1515_camera.jpg,camera
1515_geo.jpg,geo
1172.jpg,original
1172_light.jpg,light
1172_camera.jpg,camera
1172_geo.jpg,geo
147.jpg,original
147_light.jpg,light
147_camera.jpg,camera
147_geo.jpg,geo
1612.jpg,original
1612_light.jpg,light
1612_camera.jpg,camera
1612_geo.jpg,geo
403.jpg,original
403_light.jpg,light
403_camera.jpg,camera
403_geo.jpg,geo
955.jpg,original
955_light.jpg,light
955_camera.jpg,camera
955_geo.jpg,geo
1569.jpg,original
1569_light.jpg,light
1569_camera.jpg,camera
1569_geo.jpg,geo
660.jpg,original
660_light.jpg,light
660_camera.jpg,camera
660_geo.jpg,geo
1373.jpg,original
1373_light.jpg,light
1373_camera.jpg,camera
1373_geo.jpg,geo
464.jpg,original
464_light.jpg,light
464_camera.jpg,camera
464_geo.jpg,geo
1350.jpg,original
1350_light.jpg,light
1350_camera.jpg,camera
1350_geo.jpg,geo
187.jpg,original
187_light.jpg,light
187_camera.jpg,camera
187_geo.jpg,geo
1148.jpg,original
1148_light.jpg,light
1148_camera.jpg,camera
1148_geo.jpg,geo
1225.jpg,original
1225_light.jpg,light
1225_camera.jpg,camera
1225_geo.jpg,geo
609.jpg,original
609_light.jpg,light
609_camera.jpg,camera
609_geo.jpg,geo
144.jpg,original
144_light.jpg,light
144_camera.jpg,camera
144_geo.jpg,geo
752.jpg,original
752_light.jpg,light
752_camera.jpg,camera
752_geo.jpg,geo
982.jpg,original
982_light.jpg,light
982_camera.jpg,camera
982_geo.jpg,geo
198.jpg,original
198_light.jpg,light
198_camera.jpg,camera
198_geo.jpg,geo
884.jpg,original
884_light.jpg,light
884_camera.jpg,camera
884_geo.jpg,geo
280.jpg,original
280_light.jpg,light
280_camera.jpg,camera
280_geo.jpg,geo
294.jpg,original
294_light.jpg,light
294_camera.jpg,camera
294_geo.jpg,geo
1524.jpg,original
1524_light.jpg,light
1524_camera.jpg,camera
1524_geo.jpg,geo
401.jpg,original
401_light.jpg,light
401_camera.jpg,camera
401_geo.jpg,geo
123.jpg,original
123_light.jpg,light
123_camera.jpg,camera
123_geo.jpg,geo
1208.jpg,original
1208_light.jpg,light
1208_camera.jpg,camera
1208_geo.jpg,geo
203.jpg,original
203_light.jpg,light
203_camera.jpg,camera
203_geo.jpg,geo
836.jpg,original
836_light.jpg,light
836_camera.jpg,camera
836_geo.jpg,geo
247.jpg,original
247_light.jpg,light
247_camera.jpg,camera
247_geo.jpg,geo
1440.jpg,original
1440_light.jpg,light
1440_camera.jpg,camera
1440_geo.jpg,geo
1588.jpg,original
1588_light.jpg,light
1588_camera.jpg,camera
1588_geo.jpg,geo
1572.jpg,original
1572_light.jpg,light
1572_camera.jpg,camera
1572_geo.jpg,geo
1154.jpg,original
1154_light.jpg,light
1154_camera.jpg,camera
1154_geo.jpg,geo
1427.jpg,original
1427_light.jpg,light
1427_camera.jpg,camera
1427_geo.jpg,geo
385.jpg,original
385_light.jpg,light
385_camera.jpg,camera
385_geo.jpg,geo
1473.jpg,original
1473_light.jpg,light
1473_camera.jpg,camera
1473_geo.jpg,geo
855.jpg,original
855_light.jpg,light
855_camera.jpg,camera
855_geo.jpg,geo
220.jpg,original
220_light.jpg,light
220_camera.jpg,camera
220_geo.jpg,geo
642.jpg,original
642_light.jpg,light
642_camera.jpg,camera
642_geo.jpg,geo
2.jpg,original
2_light.jpg,light
2_camera.jpg,camera
2_geo.jpg,geo
113.jpg,original
113_light.jpg,light
113_camera.jpg,camera
113_geo.jpg,geo
699.jpg,original
699_light.jpg,light
699_camera.jpg,camera
699_geo.jpg,geo
1599.jpg,original
1599_light.jpg,light
1599_camera.jpg,camera
1599_geo.jpg,geo
952.jpg,original
952_light.jpg,light
952_camera.jpg,camera
952_geo.jpg,geo
1467.jpg,original
1467_light.jpg,light
1467_camera.jpg,camera
1467_geo.jpg,geo
1411.jpg,original
1411_light.jpg,light
1411_camera.jpg,camera
1411_geo.jpg,geo
1410.jpg,original
1410_light.jpg,light
1410_camera.jpg,camera
1410_geo.jpg,geo
1292.jpg,original
1292_light.jpg,light
1292_camera.jpg,camera
1292_geo.jpg,geo
1512.jpg,original
1512_light.jpg,light
1512_camera.jpg,camera
1512_geo.jpg,geo
442.jpg,original
442_light.jpg,light
442_camera.jpg,camera
442_geo.jpg,geo
1137.jpg,original
1137_light.jpg,light
1137_camera.jpg,camera
1137_geo.jpg,geo
1257.jpg,original
1257_light.jpg,light
1257_camera.jpg,camera
1257_geo.jpg,geo
1398.jpg,original
1398_light.jpg,light
1398_camera.jpg,camera
1398_geo.jpg,geo
664.jpg,original
664_light.jpg,light
664_camera.jpg,camera
664_geo.jpg,geo
1533.jpg,original
1533_light.jpg,light
1533_camera.jpg,camera
1533_geo.jpg,geo
1258.jpg,original
1258_light.jpg,light
1258_camera.jpg,camera
1258_geo.jpg,geo
1626.jpg,original
1626_light.jpg,light
1626_camera.jpg,camera
1626_geo.jpg,geo
318.jpg,original
318_light.jpg,light
318_camera.jpg,camera
318_geo.jpg,geo
649.jpg,original
649_light.jpg,light
649_camera.jpg,camera
649_geo.jpg,geo
1435.jpg,original
1435_light.jpg,light
1435_camera.jpg,camera
1435_geo.jpg,geo
710.jpg,original
710_light.jpg,light
710_camera.jpg,camera
710_geo.jpg,geo
1383.jpg,original
1383_light.jpg,light
1383_camera.jpg,camera
1383_geo.jpg,geo
1283.jpg,original
1283_light.jpg,light
1283_camera.jpg,camera
1283_geo.jpg,geo
973.jpg,original
973_light.jpg,light
973_camera.jpg,camera
973_geo.jpg,geo
628.jpg,original
628_light.jpg,light
628_camera.jpg,camera
628_geo.jpg,geo
633.jpg,original
633_light.jpg,light
633_camera.jpg,camera
633_geo.jpg,geo
1307.jpg,original
1307_light.jpg,light
1307_camera.jpg,camera
1307_geo.jpg,geo
1401.jpg,original
1401_light.jpg,light
1401_camera.jpg,camera
1401_geo.jpg,geo
1409.jpg,original
1409_light.jpg,light
1409_camera.jpg,camera
1409_geo.jpg,geo
1249.jpg,original
1249_light.jpg,light
1249_camera.jpg,camera
1249_geo.jpg,geo
1634.jpg,original
1634_light.jpg,light
1634_camera.jpg,camera
1634_geo.jpg,geo
1255.jpg,original
1255_light.jpg,light
1255_camera.jpg,camera
1255_geo.jpg,geo
1372.jpg,original
1372_light.jpg,light
1372_camera.jpg,camera
1372_geo.jpg,geo
1355.jpg,original
1355_light.jpg,light
1355_camera.jpg,camera
1355_geo.jpg,geo
1609.jpg,original
1609_light.jpg,light
1609_camera.jpg,camera
1609_geo.jpg,geo
1544.jpg,original
1544_light.jpg,light
1544_camera.jpg,camera
1544_geo.jpg,geo
796.jpg,original
796_light.jpg,light
796_camera.jpg,camera
796_geo.jpg,geo
646.jpg,original
646_light.jpg,light
646_camera.jpg,camera
646_geo.jpg,geo
1013.jpg,original
1013_light.jpg,light
1013_camera.jpg,camera
1013_geo.jpg,geo
557.jpg,original
557_light.jpg,light
557_camera.jpg,camera
557_geo.jpg,geo
682.jpg,original
682_light.jpg,light
682_camera.jpg,camera
682_geo.jpg,geo
578.jpg,original
578_light.jpg,light
578_camera.jpg,camera
578_geo.jpg,geo
1110.jpg,original
1110_light.jpg,light
1110_camera.jpg,camera
1110_geo.jpg,geo
1267.jpg,original
1267_light.jpg,light
1267_camera.jpg,camera
1267_geo.jpg,geo
1184.jpg,original
1184_light.jpg,light
1184_camera.jpg,camera
1184_geo.jpg,geo
525.jpg,original
525_light.jpg,light
525_camera.jpg,camera
525_geo.jpg,geo
1060.jpg,original
1060_light.jpg,light
1060_camera.jpg,camera
1060_geo.jpg,geo
541.jpg,original
541_light.jpg,light
541_camera.jpg,camera
541_geo.jpg,geo
1195.jpg,original
1195_light.jpg,light
1195_camera.jpg,camera
1195_geo.jpg,geo
749.jpg,original
749_light.jpg,light
749_camera.jpg,camera
749_geo.jpg,geo
1547.jpg,original
1547_light.jpg,light
1547_camera.jpg,camera
1547_geo.jpg,geo
1431.jpg,original
1431_light.jpg,light
1431_camera.jpg,camera
1431_geo.jpg,geo
485.jpg,original
485_light.jpg,light
485_camera.jpg,camera
485_geo.jpg,geo
96.jpg,original
96_light.jpg,light
96_camera.jpg,camera
96_geo.jpg,geo
1021.jpg,original
1021_light.jpg,light
1021_camera.jpg,camera
1021_geo.jpg,geo
564.jpg,original
564_light.jpg,light
564_camera.jpg,camera
564_geo.jpg,geo
1265.jpg,original
1265_light.jpg,light
1265_camera.jpg,camera
1265_geo.jpg,geo
743.jpg,original
743_light.jpg,light
743_camera.jpg,camera
743_geo.jpg,geo
864.jpg,original
864_light.jpg,light
864_camera.jpg,camera
864_geo.jpg,geo
1485.jpg,original
1485_light.jpg,light
1485_camera.jpg,camera
1485_geo.jpg,geo
892.jpg,original
892_light.jpg,light
892_camera.jpg,camera
892_geo.jpg,geo
1039.jpg,original
1039_light.jpg,light
1039_camera.jpg,camera
1039_geo.jpg,geo
207.jpg,original
207_light.jpg,light
207_camera.jpg,camera
207_geo.jpg,geo
393.jpg,original
393_light.jpg,light
393_camera.jpg,camera
393_geo.jpg,geo
795.jpg,original
795_light.jpg,light
795_camera.jpg,camera
795_geo.jpg,geo
871.jpg,original
871_light.jpg,light
871_camera.jpg,camera
871_geo.jpg,geo
398.jpg,original
398_light.jpg,light
398_camera.jpg,camera
398_geo.jpg,geo
767.jpg,original
767_light.jpg,light
767_camera.jpg,camera
767_geo.jpg,geo
1537.jpg,original
1537_light.jpg,light
1537_camera.jpg,camera
1537_geo.jpg,geo
1242.jpg,original
1242_light.jpg,light
1242_camera.jpg,camera
1242_geo.jpg,geo
1029.jpg,original
1029_light.jpg,light
1029_camera.jpg,camera
1029_geo.jpg,geo
643.jpg,original
643_light.jpg,light
643_camera.jpg,camera
643_geo.jpg,geo
1579.jpg,original
1579_light.jpg,light
1579_camera.jpg,camera
1579_geo.jpg,geo
613.jpg,original
613_light.jpg,light
613_camera.jpg,camera
613_geo.jpg,geo
961.jpg,original
961_light.jpg,light
961_camera.jpg,camera
961_geo.jpg,geo
726.jpg,original
726_light.jpg,light
726_camera.jpg,camera
726_geo.jpg,geo
684.jpg,original
684_light.jpg,light
684_camera.jpg,camera
684_geo.jpg,geo
99.jpg,original
99_light.jpg,light
99_camera.jpg,camera
99_geo.jpg,geo
805.jpg,original
805_light.jpg,light
805_camera.jpg,camera
805_geo.jpg,geo
407.jpg,original
407_light.jpg,light
407_camera.jpg,camera
407_geo.jpg,geo
503.jpg,original
503_light.jpg,light
503_camera.jpg,camera
503_geo.jpg,geo
1072.jpg,original
1072_light.jpg,light
1072_camera.jpg,camera
1072_geo.jpg,geo
1057.jpg,original
1057_light.jpg,light
1057_camera.jpg,camera
1057_geo.jpg,geo
930.jpg,original
930_light.jpg,light
930_camera.jpg,camera
930_geo.jpg,geo
780.jpg,original
780_light.jpg,light
780_camera.jpg,camera
780_geo.jpg,geo
201.jpg,original
201_light.jpg,light
201_camera.jpg,camera
201_geo.jpg,geo
135.jpg,original
135_light.jpg,light
135_camera.jpg,camera
135_geo.jpg,geo
1052.jpg,original
1052_light.jpg,light
1052_camera.jpg,camera
1052_geo.jpg,geo
41.jpg,original
41_light.jpg,light
41_camera.jpg,camera
41_geo.jpg,geo
1018.jpg,original
1018_light.jpg,light
1018_camera.jpg,camera
1018_geo.jpg,geo
231.jpg,original
231_light.jpg,light
231_camera.jpg,camera
231_geo.jpg,geo
1514.jpg,original
1514_light.jpg,light
1514_camera.jpg,camera
1514_geo.jpg,geo
379.jpg,original
379_light.jpg,light
379_camera.jpg,camera
379_geo.jpg,geo
289.jpg,original
289_light.jpg,light
289_camera.jpg,camera
289_geo.jpg,geo
419.jpg,original
419_light.jpg,light
419_camera.jpg,camera
419_geo.jpg,geo
392.jpg,original
392_light.jpg,light
392_camera.jpg,camera
392_geo.jpg,geo
593.jpg,original
593_light.jpg,light
593_camera.jpg,camera
593_geo.jpg,geo
1523.jpg,original
1523_light.jpg,light
1523_camera.jpg,camera
1523_geo.jpg,geo
1163.jpg,original
1163_light.jpg,light
1163_camera.jpg,camera
1163_geo.jpg,geo
1087.jpg,original
1087_light.jpg,light
1087_camera.jpg,camera
1087_geo.jpg,geo
1496.jpg,original
1496_light.jpg,light
1496_camera.jpg,camera
1496_geo.jpg,geo
648.jpg,original
648_light.jpg,light
648_camera.jpg,camera
648_geo.jpg,geo
1153.jpg,original
1153_light.jpg,light
1153_camera.jpg,camera
1153_geo.jpg,geo
1368.jpg,original
1368_light.jpg,light
1368_camera.jpg,camera
1368_geo.jpg,geo
521.jpg,original
521_light.jpg,light
521_camera.jpg,camera
521_geo.jpg,geo
65.jpg,original
65_light.jpg,light
65_camera.jpg,camera
65_geo.jpg,geo
15.jpg,original
15_light.jpg,light
15_camera.jpg,camera
15_geo.jpg,geo
1181.jpg,original
1181_light.jpg,light
1181_camera.jpg,camera
1181_geo.jpg,geo
1065.jpg,original
1065_light.jpg,light
1065_camera.jpg,camera
1065_geo.jpg,geo
493.jpg,original
493_light.jpg,light
493_camera.jpg,camera
493_geo.jpg,geo
380.jpg,original
380_light.jpg,light
380_camera.jpg,camera
380_geo.jpg,geo
188.jpg,original
188_light.jpg,light
188_camera.jpg,camera
188_geo.jpg,geo
764.jpg,original
764_light.jpg,light
764_camera.jpg,camera
764_geo.jpg,geo
217.jpg,original
217_light.jpg,light
217_camera.jpg,camera
217_geo.jpg,geo
792.jpg,original
792_light.jpg,light
792_camera.jpg,camera
792_geo.jpg,geo
1077.jpg,original
1077_light.jpg,light
1077_camera.jpg,camera
1077_geo.jpg,geo
879.jpg,original
879_light.jpg,light
879_camera.jpg,camera
879_geo.jpg,geo
338.jpg,original
338_light.jpg,light
338_camera.jpg,camera
338_geo.jpg,geo
720.jpg,original
720_light.jpg,light
720_camera.jpg,camera
720_geo.jpg,geo
296.jpg,original
296_light.jpg,light
296_camera.jpg,camera
296_geo.jpg,geo
1017.jpg,original
1017_light.jpg,light
1017_camera.jpg,camera
1017_geo.jpg,geo
1276.jpg,original
1276_light.jpg,light
1276_camera.jpg,camera
1276_geo.jpg,geo
1486.jpg,original
1486_light.jpg,light
1486_camera.jpg,camera
1486_geo.jpg,geo
456.jpg,original
456_light.jpg,light
456_camera.jpg,camera
456_geo.jpg,geo
1673.jpg,original
1673_light.jpg,light
1673_camera.jpg,camera
1673_geo.jpg,geo
816.jpg,original
816_light.jpg,light
816_camera.jpg,camera
816_geo.jpg,geo
270.jpg,original
270_light.jpg,light
270_camera.jpg,camera
270_geo.jpg,geo
996.jpg,original
996_light.jpg,light
996_camera.jpg,camera
996_geo.jpg,geo
202.jpg,original
202_light.jpg,light
202_camera.jpg,camera
202_geo.jpg,geo
162.jpg,original
162_light.jpg,light
162_camera.jpg,camera
162_geo.jpg,geo
1580.jpg,original
1580_light.jpg,light
1580_camera.jpg,camera
1580_geo.jpg,geo
730.jpg,original
730_light.jpg,light
730_camera.jpg,camera
730_geo.jpg,geo
402.jpg,original
402_light.jpg,light
402_camera.jpg,camera
402_geo.jpg,geo
703.jpg,original
703_light.jpg,light
703_camera.jpg,camera
703_geo.jpg,geo
1501.jpg,original
1501_light.jpg,light
1501_camera.jpg,camera
1501_geo.jpg,geo
1130.jpg,original
1130_light.jpg,light
1130_camera.jpg,camera
1130_geo.jpg,geo
566.jpg,original
566_light.jpg,light
566_camera.jpg,camera
566_geo.jpg,geo
1414.jpg,original
1414_light.jpg,light
1414_camera.jpg,camera
1414_geo.jpg,geo
1022.jpg,original
1022_light.jpg,light
1022_camera.jpg,camera
1022_geo.jpg,geo
1026.jpg,original
1026_light.jpg,light
1026_camera.jpg,camera
1026_geo.jpg,geo
1412.jpg,original
1412_light.jpg,light
1412_camera.jpg,camera
1412_geo.jpg,geo
1586.jpg,original
1586_light.jpg,light
1586_camera.jpg,camera
1586_geo.jpg,geo
1105.jpg,original
1105_light.jpg,light
1105_camera.jpg,camera
1105_geo.jpg,geo
206.jpg,original
206_light.jpg,light
206_camera.jpg,camera
206_geo.jpg,geo
35.jpg,original
35_light.jpg,light
35_camera.jpg,camera
35_geo.jpg,geo
776.jpg,original
776_light.jpg,light
776_camera.jpg,camera
776_geo.jpg,geo
509.jpg,original
509_light.jpg,light
509_camera.jpg,camera
509_geo.jpg,geo
1452.jpg,original
1452_light.jpg,light
1452_camera.jpg,camera
1452_geo.jpg,geo
1479.jpg,original
1479_light.jpg,light
1479_camera.jpg,camera
1479_geo.jpg,geo
1650.jpg,original
1650_light.jpg,light
1650_camera.jpg,camera
1650_geo.jpg,geo
1391.jpg,original
1391_light.jpg,light
1391_camera.jpg,camera
1391_geo.jpg,geo
92.jpg,original
92_light.jpg,light
92_camera.jpg,camera
92_geo.jpg,geo
1364.jpg,original
1364_light.jpg,light
1364_camera.jpg,camera
1364_geo.jpg,geo
898.jpg,original
898_light.jpg,light
898_camera.jpg,camera
898_geo.jpg,geo
565.jpg,original
565_light.jpg,light
565_camera.jpg,camera
565_geo.jpg,geo
1370.jpg,original
1370_light.jpg,light
1370_camera.jpg,camera
1370_geo.jpg,geo
777.jpg,original
777_light.jpg,light
777_camera.jpg,camera
777_geo.jpg,geo
242.jpg,original
242_light.jpg,light
242_camera.jpg,camera
242_geo.jpg,geo
14.jpg,original
14_light.jpg,light
14_camera.jpg,camera
14_geo.jpg,geo
316.jpg,original
316_light.jpg,light
316_camera.jpg,camera
316_geo.jpg,geo
601.jpg,original
601_light.jpg,light
601_camera.jpg,camera
601_geo.jpg,geo
388.jpg,original
388_light.jpg,light
388_camera.jpg,camera
388_geo.jpg,geo
1298.jpg,original
1298_light.jpg,light
1298_camera.jpg,camera
1298_geo.jpg,geo
167.jpg,original
167_light.jpg,light
167_camera.jpg,camera
167_geo.jpg,geo
841.jpg,original
841_light.jpg,light
841_camera.jpg,camera
841_geo.jpg,geo
21.jpg,original
21_light.jpg,light
21_camera.jpg,camera
21_geo.jpg,geo
647.jpg,original
647_light.jpg,light
647_camera.jpg,camera
647_geo.jpg,geo
1509.jpg,original
1509_light.jpg,light
1509_camera.jpg,camera
1509_geo.jpg,geo
1155.jpg,original
1155_light.jpg,light
1155_camera.jpg,camera
1155_geo.jpg,geo
1529.jpg,original
1529_light.jpg,light
1529_camera.jpg,camera
1529_geo.jpg,geo
832.jpg,original
832_light.jpg,light
832_camera.jpg,camera
832_geo.jpg,geo
1268.jpg,original
1268_light.jpg,light
1268_camera.jpg,camera
1268_geo.jpg,geo
1591.jpg,original
1591_light.jpg,light
1591_camera.jpg,camera
1591_geo.jpg,geo
563.jpg,original
563_light.jpg,light
563_camera.jpg,camera
563_geo.jpg,geo
1633.jpg,original
1633_light.jpg,light
1633_camera.jpg,camera
1633_geo.jpg,geo
687.jpg,original
687_light.jpg,light
687_camera.jpg,camera
687_geo.jpg,geo
958.jpg,original
958_light.jpg,light
958_camera.jpg,camera
958_geo.jpg,geo
190.jpg,original
190_light.jpg,light
190_camera.jpg,camera
190_geo.jpg,geo
976.jpg,original
976_light.jpg,light
976_camera.jpg,camera
976_geo.jpg,geo
700.jpg,original
700_light.jpg,light
700_camera.jpg,camera
700_geo.jpg,geo
1500.jpg,original
1500_light.jpg,light
1500_camera.jpg,camera
1500_geo.jpg,geo
511.jpg,original
511_light.jpg,light
511_camera.jpg,camera
511_geo.jpg,geo
1083.jpg,original
1083_light.jpg,light
1083_camera.jpg,camera
1083_geo.jpg,geo
475.jpg,original
475_light.jpg,light
475_camera.jpg,camera
475_geo.jpg,geo
1585.jpg,original
1585_light.jpg,light
1585_camera.jpg,camera
1585_geo.jpg,geo
857.jpg,original
857_light.jpg,light
857_camera.jpg,camera
857_geo.jpg,geo
748.jpg,original
748_light.jpg,light
748_camera.jpg,camera
748_geo.jpg,geo
253.jpg,original
253_light.jpg,light
253_camera.jpg,camera
253_geo.jpg,geo
22.jpg,original
22_light.jpg,light
22_camera.jpg,camera
22_geo.jpg,geo
1338.jpg,original
1338_light.jpg,light
1338_camera.jpg,camera
1338_geo.jpg,geo
460.jpg,original
460_light.jpg,light
460_camera.jpg,camera
460_geo.jpg,geo
1185.jpg,original
1185_light.jpg,light
1185_camera.jpg,camera
1185_geo.jpg,geo
277.jpg,original
277_light.jpg,light
277_camera.jpg,camera
277_geo.jpg,geo
956.jpg,original
956_light.jpg,light
956_camera.jpg,camera
956_geo.jpg,geo
1216.jpg,original
1216_light.jpg,light
1216_camera.jpg,camera
1216_geo.jpg,geo
386.jpg,original
386_light.jpg,light
386_camera.jpg,camera
386_geo.jpg,geo
806.jpg,original
806_light.jpg,light
806_camera.jpg,camera
806_geo.jpg,geo
1438.jpg,original
1438_light.jpg,light
1438_camera.jpg,camera
1438_geo.jpg,geo
1516.jpg,original
1516_light.jpg,light
1516_camera.jpg,camera
1516_geo.jpg,geo
344.jpg,original
344_light.jpg,light
344_camera.jpg,camera
344_geo.jpg,geo
770.jpg,original
770_light.jpg,light
770_camera.jpg,camera
770_geo.jpg,geo
1333.jpg,original
1333_light.jpg,light
1333_camera.jpg,camera
1333_geo.jpg,geo
131.jpg,original
131_light.jpg,light
131_camera.jpg,camera
131_geo.jpg,geo
872.jpg,original
872_light.jpg,light
872_camera.jpg,camera
872_geo.jpg,geo
1124.jpg,original
1124_light.jpg,light
1124_camera.jpg,camera
1124_geo.jpg,geo
1397.jpg,original
1397_light.jpg,light
1397_camera.jpg,camera
1397_geo.jpg,geo
88.jpg,original
88_light.jpg,light
88_camera.jpg,camera
88_geo.jpg,geo
1483.jpg,original
1483_light.jpg,light
1483_camera.jpg,camera
1483_geo.jpg,geo
331.jpg,original
331_light.jpg,light
331_camera.jpg,camera
331_geo.jpg,geo
1239.jpg,original
1239_light.jpg,light
1239_camera.jpg,camera
1239_geo.jpg,geo
467.jpg,original
467_light.jpg,light
467_camera.jpg,camera
467_geo.jpg,geo
122.jpg,original
122_light.jpg,light
122_camera.jpg,camera
122_geo.jpg,geo
1639.jpg,original
1639_light.jpg,light
1639_camera.jpg,camera
1639_geo.jpg,geo
1045.jpg,original
1045_light.jpg,light
1045_camera.jpg,camera
1045_geo.jpg,geo
1096.jpg,original
1096_light.jpg,light
1096_camera.jpg,camera
1096_geo.jpg,geo
1131.jpg,original
1131_light.jpg,light
1131_camera.jpg,camera
1131_geo.jpg,geo
1295.jpg,original
1295_light.jpg,light
1295_camera.jpg,camera
1295_geo.jpg,geo
861.jpg,original
861_light.jpg,light
861_camera.jpg,camera
861_geo.jpg,geo
1460.jpg,original
1460_light.jpg,light
1460_camera.jpg,camera
1460_geo.jpg,geo
1127.jpg,original
1127_light.jpg,light
1127_camera.jpg,camera
1127_geo.jpg,geo
